Invoice,StockCode,Description,Quantity,InvoiceDate,Price,Customer ID,Country
511855,22313,OFFICE MUG WARMER PINK,6,2010-06-11 08:25:00,4.95,12681.0,France
546642,37450,CERAMIC CAKE BOWL + HANGING CAKES,12,2011-03-15 13:13:00,2.95,12779.0,Poland
522328,21010,ETCHED GLASS BIRD TREE DECORATION,12,2010-09-13 16:31:00,1.25,17132.0,United Kingdom
504704,85049G,CHOCOLATE BOX RIBBONS ,1,2010-04-15 19:22:00,1.25,15031.0,United Kingdom
543554,22295,HEART FILIGREE DOVE LARGE,12,2011-02-10 10:17:00,1.65,14733.0,United Kingdom
533294,21060,PARTY INVITES BALLOON GIRL,12,2010-11-16 16:01:00,0.85,13081.0,United Kingdom
570443,22195,LARGE HEART MEASURING SPOONS,80,2011-10-10 14:37:00,1.45,17203.0,United Kingdom
521839,79191C,RETRO PLASTIC ELEPHANT TRAY,12,2010-09-09 10:50:00,0.85,12635.0,Germany
537222,85150,LADIES & GENTLEMEN METAL SIGN,1,2010-12-05 16:00:00,2.55,14404.0,United Kingdom
528574,22827,GIANT SEVENTEEN DRAWER SIDEBOARD,1,2010-10-22 13:10:00,165.0,13106.0,United Kingdom
508039,21100,CHARLIE AND LOLA CHARLOTTE BAG,2,2010-05-12 12:18:00,1.65,16898.0,United Kingdom
522622,22630,DOLLY GIRL LUNCH BOX,2,2010-09-15 15:32:00,1.95,17589.0,United Kingdom
531342,22633,HAND WARMER UNION JACK,6,2010-11-07 12:56:00,2.1,17041.0,United Kingdom
541795,22149,FELTCRAFT 6 FLOWER FRIENDS,5,2011-01-21 13:47:00,2.1,14692.0,United Kingdom
572333,23319,BOX OF 6 MINI 50'S CRACKERS,6,2011-10-24 10:23:00,2.49,13704.0,United Kingdom
536415,22910,PAPER CHAIN KIT VINTAGE CHRISTMAS,5,2010-12-01 11:57:00,2.95,12838.0,United Kingdom
566875,20727,LUNCH BAG  BLACK SKULL.,10,2011-09-15 13:43:00,1.65,17669.0,United Kingdom
565471,22457,NATURAL SLATE HEART CHALKBOARD ,6,2011-09-05 10:12:00,2.95,13931.0,United Kingdom
568142,21034,REX CASH+CARRY JUMBO SHOPPER,1,2011-09-25 11:22:00,0.95,16744.0,United Kingdom
564734,84987,SET OF 36 TEATIME PAPER DOILIES,6,2011-08-28 13:32:00,1.45,12484.0,Spain
544472,22112,CHOCOLATE HOT WATER BOTTLE,24,2011-02-21 09:09:00,4.25,15129.0,United Kingdom
577985,23434,3 RAFFIA RIBBONS 50'S CHRISTMAS ,10,2011-11-22 12:25:00,0.79,15116.0,United Kingdom
575342,22946,WOODEN ADVENT CALENDAR CREAM,6,2011-11-09 14:44:00,16.95,17528.0,United Kingdom
555604,21892,TRADITIONAL WOODEN CATCH CUP GAME ,12,2011-06-06 11:37:00,1.25,16612.0,United Kingdom
531452,22155,STAR DECORATION RUSTIC,48,2010-11-08 13:05:00,0.42,14530.0,United Kingdom
503155,22386,JUMBO BAG PINK WITH WHITE SPOTS,10,2010-03-30 12:35:00,1.95,15981.0,United Kingdom
494636,84520D,PACK OF 20 FAIRY CAKE PAPER NAPKINS,6,2010-01-17 10:27:00,0.85,16335.0,United Kingdom
527911,22652,TRAVEL SEWING KIT,3,2010-10-19 12:50:00,1.65,16710.0,United Kingdom
530846,22759,SET OF 3 NOTEBOOKS IN PARCEL,12,2010-11-04 14:26:00,1.65,17977.0,United Kingdom
523867,85025C,PINK HEART SHAPE PHOTO FRAME,3,2010-09-24 12:43:00,1.65,13174.0,United Kingdom
534054,22941,CHRISTMAS LIGHTS 10 REINDEER,3,2010-11-21 10:38:00,8.5,16746.0,United Kingdom
578513,22385,JUMBO BAG SPACEBOY DESIGN,10,2011-11-24 13:32:00,2.08,16609.0,United Kingdom
560590,22728,ALARM CLOCK BAKELIKE PINK,4,2011-07-19 15:55:00,3.75,12560.0,Germany
557853,21621,VINTAGE UNION JACK BUNTING,12,2011-06-23 11:01:00,8.5,16258.0,United Kingdom
561502,85123A,WHITE HANGING HEART T-LIGHT HOLDER,6,2011-07-27 14:14:00,2.95,14305.0,United Kingdom
558441,21679,SKULLS  STICKERS,1,2011-06-29 12:59:00,0.85,14606.0,United Kingdom
544303,22197,SMALL POPCORN HOLDER,2,2011-02-17 13:28:00,0.85,18116.0,United Kingdom
557125,22978,PANTRY ROLLING PIN,216,2011-06-16 18:40:00,3.39,17450.0,United Kingdom
511290,21983,PACK OF 12 BLUE PAISLEY TISSUES ,12,2010-06-07 14:52:00,0.29,12937.0,United Kingdom
573581,22965,3 TRADITIONAl BISCUIT CUTTERS  SET,6,2011-10-31 14:22:00,2.1,14911.0,EIRE
551013,22722,SET OF 6 SPICE TINS PANTRY DESIGN,4,2011-04-26 10:54:00,3.95,15108.0,European Community
541683,22332,SKULLS PARTY BAG + STICKER SET,6,2011-01-20 15:01:00,1.65,14085.0,United Kingdom
510623,21212,PACK OF 72 RETRO SPOT CAKE CASES,120,2010-06-02 11:11:00,0.42,17511.0,United Kingdom
504833,48129,DOOR MAT TOPIARY,2,2010-04-16 13:40:00,7.49,14907.0,United Kingdom
545054,22295,HEART FILIGREE DOVE LARGE,1,2011-02-27 12:41:00,1.65,14472.0,United Kingdom
535662,22900, SET 2 TEA TOWELS I LOVE LONDON ,2,2010-11-28 11:37:00,2.95,16782.0,United Kingdom
561197,21977,PACK OF 60 PINK PAISLEY CAKE CASES,4,2011-07-25 14:35:00,0.55,16364.0,United Kingdom
580027,23439,HAND WARMER RED LOVE HEART,6,2011-12-01 12:01:00,2.1,14178.0,United Kingdom
508175,21232,STRAWBERRY CERAMIC TRINKET BOX,16,2010-05-13 11:58:00,1.25,14714.0,United Kingdom
552563,22745,POPPY'S PLAYHOUSE BEDROOM ,6,2011-05-10 11:54:00,2.1,17597.0,United Kingdom
547088,21537,RED RETROSPOT PUDDING BOWL,4,2011-03-20 16:02:00,4.25,14223.0,United Kingdom
507403,37447,CERAMIC CAKE DESIGN SPOTTED PLATE,1,2010-05-09 13:41:00,1.49,14606.0,United Kingdom
577095,22555,PLASTERS IN TIN STRONGMAN,2,2011-11-17 16:39:00,1.65,15867.0,United Kingdom
577479,22175,PINK OWL SOFT TOY,12,2011-11-20 11:34:00,2.95,14911.0,EIRE
532587,85049A,TRADITIONAL CHRISTMAS RIBBONS,2,2010-11-12 14:28:00,1.25,15024.0,United Kingdom
578008,84997A,CHILDRENS CUTLERY POLKADOT GREEN ,1,2011-11-22 12:47:00,4.15,14657.0,United Kingdom
523646,85040A,S/4 PINK FLOWER CANDLES IN BOWL,1,2010-09-23 12:25:00,1.65,16383.0,United Kingdom
541977,21928,JUMBO BAG SCANDINAVIAN PAISLEY,10,2011-01-24 14:44:00,1.95,15078.0,United Kingdom
536637,20878,SET/9 CHRISTMAS T-LIGHTS SCENTED ,1,2010-12-02 11:35:00,1.25,18041.0,United Kingdom
580808,22405,MONEY BOX POCKET MONEY DESIGN,12,2011-12-06 11:24:00,0.39,16133.0,United Kingdom
556279,23298,SPOTTY BUNTING,6,2011-06-09 19:55:00,4.95,14562.0,United Kingdom
505501,21326,AGED GLASS SILVER T-LIGHT HOLDER,96,2010-04-22 14:07:00,0.65,18093.0,United Kingdom
574036,22890,NOVELTY BISCUITS CAKE STAND 3 TIER,2,2011-11-02 12:46:00,9.95,16607.0,United Kingdom
552526,21191,LARGE WHITE HONEYCOMB PAPER BELL  ,5,2011-05-09 16:42:00,2.1,17576.0,United Kingdom
562046,22332,SKULLS PARTY BAG + STICKER SET,8,2011-08-02 10:34:00,1.65,12378.0,Switzerland
521166,22386,JUMBO BAG PINK WITH WHITE SPOTS,4,2010-09-02 14:52:00,1.95,17238.0,United Kingdom
547370,84849D,HOT BATHS SOAP HOLDER,3,2011-03-22 13:32:00,1.69,14711.0,United Kingdom
554337,23171,REGENCY TEA PLATE GREEN ,12,2011-05-23 17:25:00,1.65,17920.0,United Kingdom
550202,23009,I LOVE LONDON BABY GIFT SET,1,2011-04-15 10:27:00,16.95,13090.0,United Kingdom
552055,22998,TRAVEL CARD WALLET KEEP CALM,48,2011-05-06 10:32:00,0.42,16353.0,United Kingdom
537225,22086,PAPER CHAIN KIT 50'S CHRISTMAS ,2,2010-12-05 16:41:00,2.95,12748.0,United Kingdom
558248,85099B,JUMBO BAG RED RETROSPOT,100,2011-06-27 16:48:00,1.79,13798.0,United Kingdom
546424,22089,PAPER BUNTING VINTAGE PAISLEY,1,2011-03-13 12:51:00,2.95,13956.0,United Kingdom
558437,21558,SKULL LUNCH BOX WITH CUTLERY ,2,2011-06-29 12:46:00,2.55,17799.0,United Kingdom
566283,22417,PACK OF 60 SPACEBOY CAKE CASES,24,2011-09-11 14:34:00,0.55,17838.0,United Kingdom
515181,85142,JARDIN ETCHED GLASS GINGER JAR,1,2010-07-08 19:12:00,7.95,17231.0,United Kingdom
490300,22150, 3 STRIPEY MICE FELTCRAFT,1,2009-12-04 14:19:00,1.95,12970.0,United Kingdom
516162,84946,ANTIQUE SILVER TEA GLASS ETCHED,6,2010-07-18 12:07:00,1.25,14553.0,United Kingdom
538049,20967,GREY FLORAL FELTCRAFT SHOULDER BAG,1,2010-12-09 13:21:00,3.75,12748.0,United Kingdom
573481,84931A,PINK SCOTTIE DOG W FLOWER PATTERN,6,2011-10-31 11:10:00,2.55,13994.0,United Kingdom
561386,23293,SET OF 12 FAIRY CAKE BAKING CASES,12,2011-07-27 09:14:00,0.83,15660.0,United Kingdom
519171,47570B,TEA TIME TABLE CLOTH,4,2010-08-13 13:45:00,10.65,12484.0,Spain
579491,22554,PLASTERS IN TIN WOODLAND ANIMALS,1,2011-11-29 15:23:00,1.65,14723.0,United Kingdom
564850,35607B,BLACK FEATHER CHRISTMAS DECORATION,10,2011-08-30 16:43:00,0.19,17298.0,United Kingdom
541410,21755,LOVE BUILDING BLOCK WORD,6,2011-01-17 16:06:00,5.95,13089.0,United Kingdom
500094,85123A,WHITE HANGING HEART T-LIGHT HOLDER,6,2010-03-04 12:24:00,2.95,15005.0,United Kingdom
538353,37450,CERAMIC CAKE BOWL + HANGING CAKES,36,2010-12-10 15:31:00,2.55,13798.0,United Kingdom
514851,22618,COOKING SET RETROSPOT,2,2010-07-06 16:26:00,9.95,17145.0,United Kingdom
580064,23507,MINI PLAYING CARDS BUFFALO BILL ,10,2011-12-01 13:32:00,0.42,18077.0,United Kingdom
557064,23300,GARDENERS KNEELING PAD CUP OF TEA ,2,2011-06-16 15:07:00,1.65,13263.0,United Kingdom
580664,71459,HANGING JAM JAR T-LIGHT HOLDERS,12,2011-12-05 14:03:00,0.85,15097.0,United Kingdom
500360,21672,WHITE SPOT RED CERAMIC DRAWER KNOB,12,2010-03-07 15:50:00,1.25,17158.0,United Kingdom
527473,20984,12 PENCILS TALL TUBE POSY,2,2010-10-18 11:22:00,0.85,15900.0,United Kingdom
573376,21696,SMALL SILVER TRELLIS CANDLEPOT,2,2011-10-30 13:50:00,2.95,13617.0,United Kingdom
528318,84997D,PINK 3 PIECE POLKADOT CUTLERY SET,2,2010-10-21 12:38:00,3.75,16933.0,United Kingdom
531768,21917,SET 12 KIDS  WHITE CHALK STICKS,1,2010-11-09 14:06:00,0.42,14170.0,United Kingdom
568654,23174,REGENCY SUGAR BOWL GREEN,4,2011-09-28 12:20:00,4.15,14911.0,EIRE
534066,22736,RIBBON REEL MAKING SNOWMEN ,1,2010-11-21 11:28:00,1.65,17920.0,United Kingdom
580613,23375,50'S CHRISTMAS PAPER GIFT BAG,10,2011-12-05 12:03:00,0.82,14759.0,United Kingdom
548358,84970L,SINGLE HEART ZINC T-LIGHT HOLDER,12,2011-03-30 15:29:00,0.95,15832.0,United Kingdom
560696,90214M,"LETTER ""M"" BLING KEY RING",1,2011-07-20 12:14:00,1.25,14606.0,United Kingdom
538077,22585,PACK OF 6 BIRDY GIFT TAGS,37,2010-12-09 14:19:00,1.25,14667.0,United Kingdom
532804,21499,BLUE POLKADOT WRAP,25,2010-11-14 15:05:00,0.42,16719.0,United Kingdom
534786,22113,GREY HEART HOT WATER BOTTLE,1,2010-11-24 11:21:00,3.75,15854.0,United Kingdom
542907,21363,HOME SMALL WOOD LETTERS,15,2011-02-01 15:15:00,4.95,13854.0,United Kingdom
498553,22332,SKULLS PARTY BAG + STICKER SET,6,2010-02-21 11:02:00,1.65,15013.0,United Kingdom
503547,21911,GARDEN METAL SIGN ,1,2010-04-01 14:52:00,1.65,14049.0,United Kingdom
527922,21891,TRADITIONAL WOODEN SKIPPING ROPE,12,2010-10-19 13:18:00,1.25,13615.0,United Kingdom
540349,22380,TOY TIDY SPACEBOY  ,10,2011-01-06 14:07:00,2.1,15379.0,United Kingdom
512567,22138,BAKING SET 9 PIECE RETROSPOT ,6,2010-06-16 14:41:00,4.95,14619.0,United Kingdom
541509,85230B,CINNAMON SCENTED VOTIVE CANDLE,3,2011-01-18 16:31:00,0.29,13263.0,United Kingdom
548651,48138,DOORMAT UNION FLAG,10,2011-04-01 13:33:00,6.75,14970.0,United Kingdom
570888,21889,WOODEN BOX OF DOMINOES,12,2011-10-13 10:26:00,1.25,17509.0,United Kingdom
509170,22635,CHILDS BREAKFAST SET DOLLY GIRL ,8,2010-05-20 15:09:00,8.5,16705.0,United Kingdom
577473,22620,4 TRADITIONAL SPINNING TOPS,1,2011-11-20 11:28:00,1.45,15919.0,United Kingdom
523990,21975,PACK OF 60 DINOSAUR CAKE CASES,24,2010-09-26 14:20:00,0.55,14688.0,United Kingdom
542527,22911,PAPER CHAIN KIT LONDON,6,2011-01-28 12:48:00,2.95,17188.0,United Kingdom
513332,21976,PACK OF 60 MUSHROOM CAKE CASES,24,2010-06-24 09:06:00,0.55,14790.0,United Kingdom
573263,21162,TOXIC AREA  DOOR HANGER ,240,2011-10-28 12:34:00,0.39,13694.0,United Kingdom
569524,23493,VINTAGE DOILY TRAVEL SEWING KIT,1,2011-10-04 14:42:00,1.95,14506.0,United Kingdom
501731,21985,PACK OF 12 HEARTS DESIGN TISSUES ,12,2010-03-19 11:07:00,0.29,16008.0,United Kingdom
508197,35819B,"ACRYLIC HANGING JEWEL,BLUE",1,2010-05-13 13:31:00,1.25,16906.0,United Kingdom
542006,84970L,SINGLE HEART ZINC T-LIGHT HOLDER,24,2011-01-25 11:20:00,0.95,15218.0,United Kingdom
544930,22667,RECIPE BOX RETROSPOT ,2,2011-02-24 18:26:00,2.95,17472.0,United Kingdom
549126,22030,SWALLOWS GREETING CARD,12,2011-04-06 14:23:00,0.42,16031.0,United Kingdom
517042,21034,REX CASH+CARRY JUMBO SHOPPER,1,2010-07-26 11:46:00,0.95,13069.0,United Kingdom
567878,21976,PACK OF 60 MUSHROOM CAKE CASES,2,2011-09-22 14:42:00,0.55,16910.0,United Kingdom
527513,22604,SET OF 4 NAPKIN CHARMS CUTLERY,8,2010-10-18 12:57:00,2.55,16441.0,United Kingdom
557298,23306,SET OF 36 DOILIES PANTRY DESIGN,12,2011-06-19 13:55:00,1.45,17519.0,United Kingdom
505743,21781,MA CAMPAGNE CUTLERY BOX,1,2010-04-25 16:07:00,14.95,13152.0,United Kingdom
539041,22419,LIPSTICK PEN RED,10,2010-12-15 15:34:00,0.42,15456.0,United Kingdom
570855,23351,ROLL WRAP 50'S CHRISTMAS,12,2011-10-12 14:56:00,1.25,17314.0,United Kingdom
491979,48185,DOOR MAT FAIRY CAKE,20,2009-12-15 08:01:00,5.95,13162.0,United Kingdom
535266,22897,OVEN MITT APPLES DESIGN,2,2010-11-25 13:32:00,1.45,14159.0,United Kingdom
515183,21976,PACK OF 60 MUSHROOM CAKE CASES,1,2010-07-08 20:00:00,0.55,16549.0,United Kingdom
567697,47566,PARTY BUNTING,4,2011-09-22 08:41:00,4.95,16558.0,United Kingdom
563848,22149,FELTCRAFT 6 FLOWER FRIENDS,12,2011-08-19 14:57:00,2.1,14911.0,EIRE
571745,22835,HOT WATER BOTTLE I AM SO POORLY,4,2011-10-19 10:48:00,4.95,14911.0,EIRE
500879,85196,EASTER BUNNIES ON A STICK,24,2010-03-10 14:24:00,0.55,15093.0,United Kingdom
552315,85169D,PINK LOVE BIRD CANDLE,12,2011-05-08 16:10:00,1.25,12700.0,France
501657,21222,SET/4 BADGES BEETLES,1,2010-03-18 13:10:00,1.25,13243.0,United Kingdom
523351,71477,COLOUR GLASS. STAR T-LIGHT HOLDER,6,2010-09-21 16:37:00,2.75,17850.0,United Kingdom
517481,C2,CARRIAGE,1,2010-07-29 12:27:00,100.0,12737.0,France
494795,22189,CREAM HEART CARD HOLDER,3,2010-01-18 14:14:00,3.95,13110.0,United Kingdom
530083,21284,RETROSPOT CANDLE  SMALL,24,2010-11-01 13:04:00,0.42,13148.0,United Kingdom
521010,21268,VINTAGE BLUE TINSEL REEL,1,2010-09-01 14:37:00,0.42,15574.0,United Kingdom
569565,23204,CHARLOTTE BAG APPLES DESIGN,10,2011-10-05 09:52:00,0.85,16722.0,United Kingdom
531922,22747,POPPY'S PLAYHOUSE BATHROOM,2,2010-11-10 12:09:00,2.1,17974.0,United Kingdom
544645,21731,RED TOADSTOOL LED NIGHT LIGHT,24,2011-02-22 11:58:00,1.65,16843.0,United Kingdom
500172,47591D,PINK FAIRY CAKE CHILD'S APRON,50,2010-03-05 10:12:00,1.2,18102.0,United Kingdom
513953,22135,LADLE LOVE HEART PINK,12,2010-06-29 14:14:00,0.42,14426.0,United Kingdom
496617,22242,"HOOK, 5 HANGER , MAGIC TOADSTOOL",24,2010-02-03 09:06:00,1.65,12805.0,Netherlands
567821,23355,HOT WATER BOTTLE KEEP CALM,2,2011-09-22 12:45:00,4.95,14659.0,United Kingdom
508156,20990,SPRING FLOWER CHOPSTICKS SET/5,6,2010-05-13 11:42:00,1.95,16550.0,United Kingdom
502028,21437,24 HANGING EASTER EGGS FLORAL TUB,4,2010-03-22 13:07:00,3.75,13313.0,United Kingdom
506681,79320,FLAMINGO LIGHTS,4,2010-05-02 10:54:00,4.95,17519.0,United Kingdom
550957,22755,SMALL PURPLE BABUSHKA NOTEBOOK ,1,2011-04-21 16:37:00,0.85,18283.0,United Kingdom
540019,21868,POTTING SHED TEA MUG,12,2011-01-04 12:18:00,1.25,12957.0,United Kingdom
548664,22241,GARLAND WOODEN HAPPY EASTER,12,2011-04-01 14:45:00,1.25,14911.0,EIRE
559682,21733,RED HANGING HEART T-LIGHT HOLDER,1,2011-07-11 14:55:00,2.95,17337.0,United Kingdom
562984,79066K,RETRO MOD TRAY,2,2011-08-11 11:45:00,0.85,17841.0,United Kingdom
569824,23319,BOX OF 6 MINI 50'S CRACKERS,3,2011-10-06 12:22:00,2.49,17295.0,United Kingdom
573576,22979,PANTRY WASHING UP BRUSH,1,2011-10-31 14:09:00,3.29,14096.0,United Kingdom
524351,22616,PACK OF 12 LONDON TISSUES ,12,2010-09-28 16:25:00,0.29,13554.0,United Kingdom
572074,23202,JUMBO BAG VINTAGE LEAF,1,2011-10-20 13:54:00,2.08,16284.0,United Kingdom
506290,22478,BIRDHOUSE GARDEN MARKER ,10,2010-04-29 09:16:00,1.25,14911.0,EIRE
567148,22952,60 CAKE CASES VINTAGE CHRISTMAS,72,2011-09-16 15:23:00,0.55,18225.0,United Kingdom
523989,21974,SET OF 36 PAISLEY FLOWER DOILIES,12,2010-09-26 14:15:00,1.45,14105.0,United Kingdom
490399,20829,GLITTER HANGING BUTTERFLY STRING,8,2009-12-06 10:38:00,2.1,12975.0,United Kingdom
516333,79029,GLASS HONEYPOT WASP CATCHER,6,2010-07-19 16:18:00,1.95,17188.0,United Kingdom
559887,84927F,PSYCHEDELIC TILE HOOK,1,2011-07-13 11:44:00,0.39,13263.0,United Kingdom
496321,21429,RED GINGHAM ROSE JEWELLERY BOX,2,2010-01-31 12:43:00,1.65,16014.0,United Kingdom
533290,21485,RETROSPOT HEART HOT WATER BOTTLE,6,2010-11-16 15:46:00,4.95,14911.0,EIRE
494586,21114,LAVENDER SCENTED FABRIC HEART,5,2010-01-15 11:36:00,1.25,18106.0,United Kingdom
573133,22627,MINT KITCHEN SCALES,2,2011-10-27 16:58:00,8.5,15288.0,United Kingdom
532636,20768,GREEN FERN JOURNAL ,6,2010-11-12 15:46:00,2.55,12635.0,Germany
489909,21438,TUB 24 HANGING EASTER EGGS SPOTTY,20,2009-12-03 10:20:00,3.75,13753.0,United Kingdom
534721,21891,TRADITIONAL WOODEN SKIPPING ROPE,12,2010-11-23 18:11:00,1.25,15660.0,United Kingdom
513210,22499,WOODEN UNION JACK BUNTING,12,2010-06-23 09:52:00,5.95,16325.0,United Kingdom
560650,23238,SET OF 4 KNICK KNACK TINS LONDON ,2,2011-07-20 11:38:00,4.15,15529.0,United Kingdom
570448,22193,RED DINER WALL CLOCK,2,2011-10-10 14:55:00,8.5,13224.0,United Kingdom
513987,22504,CABIN BAG VINTAGE RETROSPOT,1,2010-06-30 08:30:00,29.95,12415.0,Australia
514512,85129A,"WHITE PEARL BEADED HEART, SMALL",3,2010-07-04 13:33:00,1.25,14247.0,United Kingdom
563925,22694,WICKER STAR ,2,2011-08-21 14:42:00,2.1,13610.0,United Kingdom
499220,85114B,IVORY ENCHANTED FOREST PLACEMAT,4,2010-02-25 11:32:00,1.65,14606.0,United Kingdom
524099,20966,SANDWICH BATH SPONGE,10,2010-09-27 12:24:00,1.25,13448.0,United Kingdom
524337,22601,CHRISTMAS RETROSPOT ANGEL WOOD,12,2010-09-28 15:46:00,0.85,14410.0,United Kingdom
536674,84509G,SET OF 4 FAIRY CAKE PLACEMATS ,2,2010-12-02 12:16:00,3.75,15923.0,United Kingdom
554974,21128,GOLD FISHING GNOME,4,2011-05-27 17:14:00,6.95,14031.0,United Kingdom
524548,20712,JUMBO BAG WOODLAND ANIMALS,10,2010-09-29 14:05:00,1.95,15298.0,United Kingdom
577393,23020,GLASS  SONGBIRD STORAGE JAR,8,2011-11-18 17:06:00,11.15,14031.0,United Kingdom
542382,85175,CACTI T-LIGHT CANDLES,16,2011-01-27 14:10:00,0.42,14738.0,United Kingdom
543626,22423,REGENCY CAKESTAND 3 TIER,2,2011-02-10 15:40:00,12.75,15796.0,United Kingdom
571909,22123,PING MICROWAVE APRON,1,2011-10-19 15:08:00,1.95,15006.0,United Kingdom
522626,22423,REGENCY CAKESTAND 3 TIER,16,2010-09-15 16:22:00,10.95,15513.0,United Kingdom
567474,23076,ICE CREAM SUNDAE LIP GLOSS,24,2011-09-20 12:53:00,1.25,13448.0,United Kingdom
535590,22555,PLASTERS IN TIN STRONGMAN,13,2010-11-26 16:20:00,1.65,17218.0,United Kingdom
565155,22781,GUMBALL MAGAZINE RACK,12,2011-09-01 14:58:00,6.75,16672.0,United Kingdom
496641,21524,SPOTTY  HOME SWEET HOME DOORMAT,10,2010-02-03 11:46:00,5.95,15091.0,United Kingdom
549543,22514,CHILDS GARDEN SPADE BLUE,2,2011-04-10 11:14:00,2.1,18118.0,United Kingdom
503353,48185,DOOR MAT FAIRY CAKE,10,2010-03-31 13:39:00,6.35,15311.0,United Kingdom
491652,84839,SWEETHEART KEY CABINET,1,2009-12-13 10:48:00,6.75,16335.0,United Kingdom
536608,22963,JAM JAR WITH GREEN LID,12,2010-12-02 09:37:00,0.85,12855.0,United Kingdom
578072,84836,ZINC METAL HEART DECORATION,12,2011-11-22 16:02:00,1.25,17759.0,United Kingdom
543759,22178,VICTORIAN GLASS HANGING T-LIGHT,12,2011-02-11 15:12:00,1.25,12921.0,United Kingdom
506730,90001D,ANTIQUE OLIVE GREEN FLOWER EARRINGS,2,2010-05-04 10:10:00,4.25,14911.0,EIRE
565157,23084,RABBIT NIGHT LIGHT,48,2011-09-01 15:08:00,1.79,16168.0,United Kingdom
497606,POST,POSTAGE,2,2010-02-11 11:28:00,18.0,12682.0,France
563189,22859,EASTER TIN BUNNY BOUQUET,6,2011-08-12 15:22:00,1.65,12682.0,France
543048,84879,ASSORTED COLOUR BIRD ORNAMENT,8,2011-02-03 09:58:00,1.69,12600.0,Germany
552039,21984,PACK OF 12 PINK PAISLEY TISSUES ,24,2011-05-06 08:10:00,0.29,13081.0,United Kingdom
530087,22618,COOKING SET RETROSPOT,4,2010-11-01 13:33:00,9.95,16732.0,United Kingdom
534656,85123A,WHITE HANGING HEART T-LIGHT HOLDER,1,2010-11-23 13:36:00,2.95,13869.0,United Kingdom
512051,22061,LARGE CAKE STAND  HANGING STRAWBERY,4,2010-06-13 10:20:00,9.95,17534.0,United Kingdom
513095,21622,VINTAGE UNION JACK CUSHION COVER,4,2010-06-21 14:49:00,4.95,15122.0,United Kingdom
566864,21041,RED RETROSPOT OVEN GLOVE DOUBLE,1,2011-09-15 12:51:00,2.95,17786.0,United Kingdom
500150,21745,GAOLERS KEYS DECORATIVE GARDEN ,4,2010-03-04 17:42:00,3.75,14769.0,United Kingdom
490154,21558,SKULL LUNCHBOX WITH CUTLERY ,1,2009-12-04 10:18:00,2.55,16335.0,United Kingdom
508635,22047,EMPIRE GIFT WRAP,25,2010-05-17 14:36:00,0.42,13719.0,United Kingdom
500701,84884A,ANT WHITE WIRE HEART SPIRAL,1,2010-03-09 13:26:00,3.95,16791.0,United Kingdom
532746,48188,DOORMAT WELCOME PUPPIES,2,2010-11-14 13:13:00,7.95,13384.0,United Kingdom
526222,21987,PACK OF 6 SKULL PAPER CUPS,24,2010-10-10 14:56:00,0.65,12676.0,Sweden
502613,21901,"KEY FOB , BACK DOOR ",3,2010-03-25 14:22:00,0.65,14535.0,United Kingdom
568324,22722,SET OF 6 SPICE TINS PANTRY DESIGN,4,2011-09-26 13:48:00,3.95,16778.0,United Kingdom
517626,20717,STRAWBERRY SHOPPER BAG,1,2010-07-30 12:10:00,1.25,16428.0,United Kingdom
494870,37424,WHITE WITH BLACK CATS MUG,6,2010-01-19 12:15:00,0.85,15998.0,United Kingdom
538205,22909,SET OF 20 VINTAGE CHRISTMAS NAPKINS,1,2010-12-10 11:24:00,0.85,12748.0,United Kingdom
578068,23138,SINGLE WIRE HOOK IVORY HEART,2,2011-11-22 15:45:00,1.45,14505.0,United Kingdom
523022,85132A,CHARLIE + LOLA BISCUITS TINS,1,2010-09-20 11:42:00,9.95,12437.0,France
556910,21992,VINTAGE PAISLEY STATIONERY SET,3,2011-06-15 13:25:00,1.25,12748.0,United Kingdom
513498,84987,SET OF 36 TEATIME PAPER DOILIES,12,2010-06-25 10:22:00,1.45,14911.0,EIRE
534713,21781,MA CAMPAGNE CUTLERY BOX,4,2010-11-23 17:21:00,14.95,17576.0,United Kingdom
566215,21844,RED RETROSPOT MUG,12,2011-09-09 15:11:00,2.95,14895.0,United Kingdom
502824,85014B,RED/WHITE DOTS RUFFLED UMBRELLA,1,2010-03-28 11:28:00,5.95,13053.0,United Kingdom
568098,22846,BREAD BIN DINER STYLE RED ,1,2011-09-23 15:17:00,16.95,15762.0,United Kingdom
516349,22083,PAPER CHAIN KIT RETRO SPOT,6,2010-07-20 10:23:00,2.95,13995.0,United Kingdom
569900,23208,LUNCH BAG VINTAGE LEAF DESIGN,10,2011-10-06 16:17:00,1.65,17651.0,United Kingdom
508997,22077,6 RIBBONS RUSTIC CHARM,1,2010-05-19 13:04:00,1.65,16059.0,United Kingdom
567096,23322,LARGE WHITE HEART OF WICKER,7,2011-09-16 13:13:00,2.95,15099.0,United Kingdom
570192,22738,RIBBON REEL SNOWY VILLAGE,10,2011-10-07 15:26:00,1.65,17509.0,United Kingdom
523750,22731,3D STICKERS CHRISTMAS STAMPS,20,2010-09-23 19:27:00,1.25,16497.0,United Kingdom
570108,22465,HANGING METAL STAR LANTERN,12,2011-10-07 12:25:00,1.65,13004.0,United Kingdom
572676,23317,BLUE REFECTORY CLOCK ,2,2011-10-25 13:30:00,9.95,16258.0,United Kingdom
520505,21356,TOAST ITS - FAIRY FLOWER,12,2010-08-26 12:51:00,1.25,17663.0,United Kingdom
516876,22279,POCKET BAG BLUE PAISLEY RED SPOT,6,2010-07-23 13:29:00,2.1,12935.0,United Kingdom
571653,22156,HEART DECORATION WITH PEARLS ,24,2011-10-18 12:17:00,0.72,14298.0,United Kingdom
503995,84596F,SMALL MARSHMALLOWS PINK BOWL,72,2010-04-09 11:15:00,1.06,13798.0,United Kingdom
502853,47505,MINATURE COLOURED GARDENING SET,2,2010-03-28 14:47:00,4.95,17589.0,United Kingdom
524099,21947,SET OF 6 HEART CHOPSTICKS,12,2010-09-27 12:24:00,1.25,13448.0,United Kingdom
556206,22427,ENAMEL FLOWER JUG CREAM,3,2011-06-09 13:46:00,5.95,14911.0,EIRE
560718,22726,ALARM CLOCK BAKELIKE GREEN,4,2011-07-20 13:30:00,3.75,17677.0,United Kingdom
546367,21925,UNION STRIPE CUSHION COVER ,12,2011-03-11 11:38:00,1.25,15513.0,United Kingdom
498746,20970,PINK FLORAL FELTCRAFT SHOULDER BAG,8,2010-02-22 16:36:00,3.75,13513.0,United Kingdom
506267,21114,LAVENDER SCENTED FABRIC HEART,10,2010-04-28 14:59:00,1.25,12695.0,France
574501,23500,KEY RING BASEBALL BOOT ASSORTED ,20,2011-11-04 13:15:00,1.25,12577.0,France
525239,22156,HEART DECORATION WITH PEARLS ,12,2010-10-04 14:35:00,0.85,13939.0,United Kingdom
524842,22601,CHRISTMAS RETROSPOT ANGEL WOOD,12,2010-09-30 18:02:00,0.85,12951.0,United Kingdom
541518,40016,CHINESE DRAGON PAPER LANTERNS,24,2011-01-19 09:05:00,0.42,12451.0,Switzerland
514839,22447,PIN CUSHION RUSSIAN DOLL BLUE,12,2010-07-06 14:46:00,3.35,16126.0,United Kingdom
541265,22355,CHARLOTTE BAG SUKI DESIGN,4,2011-01-16 16:23:00,0.85,17609.0,United Kingdom
544278,15036,ASSORTED COLOURS SILK FAN,24,2011-02-17 12:01:00,0.75,15382.0,United Kingdom
533547,21348,PINK SPOTS CHOCOLATE NESTING BOXES ,2,2010-11-17 16:48:00,2.95,16409.0,United Kingdom
553067,21232,STRAWBERRY CERAMIC TRINKET BOX,6,2011-05-13 11:44:00,1.25,16871.0,United Kingdom
518314,85131A,BEADED PEARL HEART WHITE ON STICK,24,2010-08-06 12:13:00,0.38,13920.0,United Kingdom
568833,22355,CHARLOTTE BAG SUKI DESIGN,10,2011-09-29 11:39:00,0.85,17348.0,United Kingdom
512781,22517,CHILDS GARDEN RAKE PINK,1,2010-06-17 18:17:00,2.1,17341.0,United Kingdom
538346,22924,FRIDGE MAGNETS LA VIE EN ROSE,12,2010-12-10 14:53:00,0.85,17865.0,United Kingdom
539836,21067,VINTAGE RED TEATIME MUG,3,2010-12-22 13:46:00,1.25,17894.0,United Kingdom
521390,22470,HEART OF WICKER LARGE,6,2010-09-05 14:03:00,2.95,16327.0,United Kingdom
573814,21703,BAG 125g SWIRLY MARBLES,4,2011-11-01 11:31:00,0.42,13268.0,United Kingdom
558044,23197,VEGETABLE MAGNETIC  SHOPPING LIST,12,2011-06-24 13:29:00,1.45,13870.0,United Kingdom
524286,22645,CERAMIC HEART FAIRY CAKE MONEY BANK,4,2010-09-28 12:35:00,1.45,16919.0,United Kingdom
511867,22030,SWALLOWS GREETING CARD,12,2010-06-11 10:30:00,0.42,15254.0,United Kingdom
565317,23203,JUMBO BAG VINTAGE DOILY ,40,2011-09-02 13:00:00,2.08,12921.0,United Kingdom
537826,22480,RED TEA TOWEL CLASSIC DESIGN,2,2010-12-08 14:38:00,1.25,15581.0,United Kingdom
557957,22726,ALARM CLOCK BAKELIKE GREEN,8,2011-06-23 19:20:00,3.75,13969.0,United Kingdom
512259,21936,RED RETROSPOT PICNIC BAG,2,2010-06-14 13:03:00,2.95,17059.0,United Kingdom
566023,84879,ASSORTED COLOUR BIRD ORNAMENT,48,2011-09-08 12:48:00,1.69,12955.0,United Kingdom
525764,21324,HANGING MEDINA LANTERN SMALL,6,2010-10-07 10:39:00,2.95,12511.0,Greece
529623,84997D,PINK 3 PIECE POLKADOT CUTLERY SET,6,2010-10-29 11:49:00,3.75,15544.0,United Kingdom
578811,22326,ROUND SNACK BOXES SET OF4 WOODLAND ,12,2011-11-25 13:28:00,2.95,12438.0,Norway
516839,POST,POSTAGE,3,2010-07-23 11:17:00,18.0,12647.0,Germany
538597,22493,PAINT YOUR OWN CANVAS SET,4,2010-12-13 12:26:00,1.65,15555.0,United Kingdom
510192,82583,HOT BATHS METAL SIGN,2,2010-05-27 18:13:00,2.1,17841.0,United Kingdom
549705,22178,VICTORIAN GLASS HANGING T-LIGHT,96,2011-04-11 14:00:00,1.06,13668.0,United Kingdom
571036,20750,RED RETROSPOT MINI CASES,12,2011-10-13 12:52:00,6.35,17567.0,United Kingdom
532905,20886,BOX OF 9 PEBBLE CANDLES,6,2010-11-15 11:49:00,1.95,17811.0,United Kingdom
533458,21985,PACK OF 12 HEARTS DESIGN TISSUES ,12,2010-11-17 12:03:00,0.29,16006.0,United Kingdom
511137,85041,SET/4 PINK ORCHID CANDLES IN BOWL,1,2010-06-07 11:47:00,1.65,14167.0,United Kingdom
520693,22029,SPACEBOY BIRTHDAY CARD,12,2010-08-29 10:16:00,0.42,13995.0,United Kingdom
489900,72801F,S/4 FESTIVE RED DINNER CANDLES,12,2009-12-03 09:44:00,1.25,14771.0,United Kingdom
572282,22371,AIRLINE BAG VINTAGE TOKYO 78,1,2011-10-23 11:39:00,4.25,17634.0,United Kingdom
543040,21446,12 RED ROSE PEG PLACE SETTINGS,1,2011-02-02 17:06:00,1.25,17337.0,United Kingdom
509535,22607,WOODEN ROUNDERS GARDEN SET ,2,2010-05-24 12:07:00,8.5,13615.0,United Kingdom
533717,84029E,RED WOOLLY HOTTIE WHITE HEART.,5,2010-11-18 13:27:00,3.75,13137.0,United Kingdom
571295,84832,ZINC WILLIE WINKIE  CANDLE STICK,12,2011-10-16 16:12:00,0.85,14741.0,United Kingdom
504741,85049D,BRIGHT BLUES RIBBONS ,1,2010-04-16 11:33:00,1.25,15716.0,United Kingdom
575059,21901,"KEY FOB , BACK DOOR ",4,2011-11-08 12:25:00,0.65,14071.0,United Kingdom
562039,22662,LUNCH BAG DOLLY GIRL DESIGN,10,2011-08-02 09:55:00,1.65,12593.0,France
573300,22417,PACK OF 60 SPACEBOY CAKE CASES,2,2011-10-28 16:10:00,0.55,16049.0,United Kingdom
581149,22426,ENAMEL WASH BOWL CREAM,1,2011-12-07 14:12:00,3.75,15471.0,United Kingdom
570488,85035A,GARDENIA 3 WICK MORRIS BOXED CANDLE,1,2011-10-10 17:12:00,8.29,14096.0,United Kingdom
494827,47347B,BLUE FLOWER T-LIGHT HOLDER,24,2010-01-19 10:41:00,1.25,15623.0,United Kingdom
572103,22192,BLUE DINER WALL CLOCK,1,2011-10-20 15:57:00,8.5,17571.0,United Kingdom
561471,22750,FELTCRAFT PRINCESS LOLA DOLL,8,2011-07-27 13:14:00,3.75,14911.0,EIRE
511160,82486,WOOD S/3 CABINET ANT WHITE FINISH,4,2010-06-07 12:01:00,7.95,15059.0,United Kingdom
526757,35970,ZINC FOLKART SLEIGH BELLS,36,2010-10-13 10:31:00,1.69,16843.0,United Kingdom
569365,23133,LARGE IVORY HEART WALL ORGANISER,16,2011-10-03 15:24:00,5.66,18102.0,United Kingdom
566451,22029,SPACEBOY BIRTHDAY CARD,12,2011-09-12 16:14:00,0.42,18069.0,United Kingdom
494789,90010B,BLACK/WHITE GLASS/SILVER BRACELET,2,2010-01-18 13:47:00,8.95,14949.0,United Kingdom
494676,22201,FRYING PAN BLUE POLKADOT ,1,2010-01-17 16:09:00,4.25,17591.0,United Kingdom
502565,21777,RECIPE BOX WITH METAL HEART,4,2010-03-25 12:03:00,7.95,13849.0,United Kingdom
495724,48194,DOORMAT HEARTS,2,2010-01-26 14:58:00,6.75,17726.0,United Kingdom
524827,22866,HAND WARMER SCOTTY DOG DESIGN,12,2010-09-30 16:45:00,2.1,12523.0,France
521813,20770,ABSTRACT CIRCLE JOURNAL ,6,2010-09-08 15:06:00,2.55,13384.0,United Kingdom
536557,22114,HOT WATER BOTTLE TEA AND SYMPATHY,1,2010-12-01 14:41:00,3.95,17841.0,United Kingdom
533779,22739,RIBBON REEL CHRISTMAS SOCK BAUBLE,10,2010-11-18 16:22:00,1.65,17419.0,United Kingdom
532806,22147,FELTCRAFT BUTTERFLY HEARTS,12,2010-11-14 15:14:00,1.45,15452.0,United Kingdom
566976,22966,GINGERBREAD MAN COOKIE CUTTER,12,2011-09-16 09:27:00,1.25,15382.0,United Kingdom
545166,22913,RED COAT RACK PARIS FASHION,1,2011-02-28 14:03:00,4.95,17027.0,United Kingdom
559679,23038,T-LIGHT HOLDER SILVER SAUCER,12,2011-07-11 14:46:00,0.83,15265.0,United Kingdom
534377,21217,RED RETROSPOT ROUND CAKE TINS,1,2010-11-22 12:31:00,9.95,16725.0,United Kingdom
559000,22138,BAKING SET 9 PIECE RETROSPOT ,2,2011-07-05 12:15:00,4.95,14099.0,United Kingdom
490312,84509C,DOTTY PLACEMATS ,1,2009-12-04 15:16:00,3.75,17961.0,United Kingdom
496072,85123A,WHITE HANGING HEART T-LIGHT HOLDER,32,2010-01-28 17:09:00,2.55,15615.0,United Kingdom
558370,23005,TRAVEL CARD WALLET I LOVE LONDON,24,2011-06-28 15:44:00,0.42,17750.0,United Kingdom
500301,22374,AIRLINE BAG VINTAGE JET SET RED,1,2010-03-07 10:27:00,6.35,17365.0,United Kingdom
563572,21992,VINTAGE PAISLEY STATIONERY SET,3,2011-08-17 15:00:00,1.25,16734.0,United Kingdom
559711,22384,LUNCH BAG PINK POLKADOT,10,2011-07-12 10:46:00,1.65,13590.0,United Kingdom
536196,71459,HANGING JAM JAR T-LIGHT HOLDER,24,2010-11-30 13:01:00,0.85,14841.0,United Kingdom
571053,20685,DOORMAT RED RETROSPOT,2,2011-10-13 13:53:00,8.25,12631.0,Finland
574842,22310,IVORY KNITTED MUG COSY ,6,2011-11-07 11:55:00,1.65,13890.0,United Kingdom
575647,22065,CHRISTMAS PUDDING TRINKET POT ,6,2011-11-10 14:16:00,0.39,16440.0,United Kingdom
516327,22457,NATURAL SLATE HEART CHALKBOARD ,12,2010-07-19 15:58:00,2.95,17589.0,United Kingdom
545056,21232,STRAWBERRY CERAMIC TRINKET BOX,4,2011-02-27 12:48:00,1.25,16745.0,United Kingdom
508219,22614,PACK OF 12 SPACEBOY TISSUES,12,2010-05-13 15:05:00,0.29,13735.0,United Kingdom
490503,82486,WOOD S/3 CABINET ANT WHITE FINISH,2,2009-12-06 14:00:00,7.95,14548.0,United Kingdom
576910,48129,DOORMAT TOPIARY,6,2011-11-17 09:51:00,8.25,12477.0,Germany
540803,22969,HOMEMADE JAM SCENTED CANDLES,12,2011-01-11 12:30:00,1.45,14669.0,United Kingdom
496703,21245,GREEN  SPOTTY PLATE ,8,2010-02-03 13:22:00,1.69,12396.0,RSA
498213,15039,SANDALWOOD FAN,250,2010-02-17 13:16:00,0.53,18092.0,United Kingdom
555289,21931,JUMBO STORAGE BAG SUKI,10,2011-06-02 10:00:00,2.08,15078.0,United Kingdom
521386,21931,JUMBO STORAGE BAG SUKI,2,2010-09-05 13:07:00,1.95,17085.0,United Kingdom
571235,85099F,JUMBO BAG STRAWBERRY,10,2011-10-14 14:37:00,2.08,15078.0,United Kingdom
559528,22171,3 HOOK PHOTO SHELF ANTIQUE WHITE,1,2011-07-10 11:34:00,8.5,13064.0,United Kingdom
559106,21034,REX CASH+CARRY JUMBO SHOPPER,1,2011-07-06 11:10:00,0.95,15889.0,United Kingdom
553412,22597,MUSICAL ZINC HEART DECORATION ,12,2011-05-17 09:40:00,0.85,14344.0,United Kingdom
566022,23411, TRELLIS COAT RACK,6,2011-09-08 12:47:00,4.95,13925.0,United Kingdom
496313,22331,WOODLAND PARTY BAG + STICKER SET,3,2010-01-31 12:15:00,1.65,15013.0,United Kingdom
489905,82607A,GLASS BONBON JAR PARFUME AUX FLEURE,6,2009-12-03 10:03:00,1.25,13800.0,United Kingdom
538721,22224,WHITE LOVEBIRD LANTERN,4,2010-12-14 11:11:00,2.95,17526.0,United Kingdom
528745,22077,6 RIBBONS RUSTIC CHARM,1,2010-10-24 14:35:00,1.65,14551.0,United Kingdom
502272,22464,HANGING METAL HEART LANTERN,3,2010-03-23 15:47:00,1.65,14344.0,United Kingdom
537160,84406B,CREAM CUPID HEARTS COAT HANGER,3,2010-12-05 13:18:00,3.25,14161.0,United Kingdom
558075,21340,CLASSIC METAL BIRDCAGE PLANT HOLDER,8,2011-06-24 17:07:00,9.95,17858.0,United Kingdom
566293,84660A,WHITE STITCHED WALL CLOCK,20,2011-09-11 15:35:00,0.79,14533.0,United Kingdom
494990,20711,JUMBO BAG TOYS ,10,2010-01-20 11:54:00,1.95,14388.0,United Kingdom
563543,85099C,JUMBO  BAG BAROQUE BLACK WHITE,10,2011-08-17 12:06:00,2.08,15039.0,United Kingdom
564342,23192,BUNDLE OF 3 ALPHABET EXERCISE BOOKS,4,2011-08-24 14:53:00,1.65,16340.0,United Kingdom
489676,72023F,RED ORGANIC CANDLE IN GLASS,240,2009-12-02 09:49:00,0.85,13777.0,United Kingdom
535639,84029G,KNITTED UNION FLAG HOT WATER BOTTLE,2,2010-11-28 10:18:00,3.75,17243.0,United Kingdom
574015,23092,LARGE ANTIQUE WHITE PHOTO FRAME,2,2011-11-02 12:03:00,7.9,15576.0,United Kingdom
576245,23084,RABBIT NIGHT LIGHT,18,2011-11-14 13:40:00,2.08,12553.0,France
512112,22072,RED RETROSPOT TEA CUP AND SAUCER ,1,2010-06-13 14:40:00,3.75,17841.0,United Kingdom
527371,22469,HEART OF WICKER SMALL,4,2010-10-17 12:03:00,1.65,17769.0,United Kingdom
569803,84949,SILVER HANGING T-LIGHT HOLDER,6,2011-10-06 11:48:00,1.65,13090.0,United Kingdom
523659,22119,PEACE WOODEN BLOCK LETTERS,1,2010-09-23 13:54:00,6.95,18096.0,United Kingdom
534710,22295,HEART FILIGREE DOVE LARGE,24,2010-11-23 16:59:00,1.65,16437.0,United Kingdom
530796,35965,FOLKART HEART NAPKIN RINGS,3,2010-11-04 12:27:00,2.95,16391.0,United Kingdom
533828,22633,HAND WARMER UNION JACK,12,2010-11-19 10:06:00,2.1,13317.0,United Kingdom
580529,22086,PAPER CHAIN KIT 50'S CHRISTMAS ,1,2011-12-04 15:35:00,2.95,14658.0,United Kingdom
535464,22575,METAL MERRY CHRISTMAS WREATH,1,2010-11-26 13:16:00,1.95,17999.0,United Kingdom
558751,21481,FAWN BLUE HOT WATER BOTTLE,1,2011-07-03 11:26:00,2.95,16009.0,United Kingdom
557769,23027,DRAWER KNOB VINTAGE GLASS HEXAGON,12,2011-06-22 14:38:00,2.08,16626.0,United Kingdom
580397,22382,LUNCH BAG SPACEBOY DESIGN ,1,2011-12-04 11:24:00,1.65,13558.0,United Kingdom
499624,15056BL,EDWARDIAN PARASOL BLACK,3,2010-03-01 13:10:00,5.95,17593.0,United Kingdom
513569,22457,NATURAL SLATE HEART CHALKBOARD ,6,2010-06-25 14:36:00,2.95,16961.0,United Kingdom
547358,21213,PACK OF 72 SKULL CAKE CASES,1,2011-03-22 12:25:00,0.55,15998.0,United Kingdom
527392,22534,MAGIC DRAWING SLATE SPACEBOY ,1,2010-10-17 13:28:00,0.42,14044.0,United Kingdom
541989,22457,NATURAL SLATE HEART CHALKBOARD ,6,2011-01-25 08:21:00,2.95,13615.0,United Kingdom
572229,22737,RIBBON REEL CHRISTMAS PRESENT ,10,2011-10-21 14:23:00,1.65,14329.0,United Kingdom
561880,23208,LUNCH BAG VINTAGE LEAF DESIGN,20,2011-07-31 12:44:00,1.65,13722.0,United Kingdom
564322,85023B,EAU DE NILE JEWELLED PHOTOFRAME,72,2011-08-24 13:23:00,2.1,13694.0,United Kingdom
500751,21506,"FANCY FONT BIRTHDAY CARD, ",24,2010-03-10 10:25:00,0.42,13081.0,United Kingdom
545079,20969,RED FLORAL FELTCRAFT SHOULDER BAG,1,2011-02-28 10:30:00,3.75,18283.0,United Kingdom
515327,20803,SMALL PINK GLASS SUNDAE DISH,3,2010-07-11 12:59:00,1.65,13230.0,United Kingdom
540248,22567,20 DOLLY PEGS RETROSPOT,6,2011-01-05 15:57:00,1.25,15034.0,United Kingdom
511840,22097,SWALLOW SQUARE TISSUE BOX,12,2010-06-10 17:29:00,1.25,15207.0,United Kingdom
511778,22650,CERAMIC PIRATE CHEST MONEY BANK,12,2010-06-10 12:37:00,1.45,17716.0,United Kingdom
525761,21804,WHITE CHRISTMAS GARLAND STARS TREES,18,2010-10-07 10:37:00,3.75,16325.0,United Kingdom
573903,85170B,SET/6 BLACK BIRD T-LIGHT CANDLES,2,2011-11-01 14:51:00,2.1,14667.0,United Kingdom
528705,21556,CERAMIC STRAWBERRY MONEY BOX,1,2010-10-24 13:07:00,2.55,13137.0,United Kingdom
578701,22867,HAND WARMER BIRD DESIGN,12,2011-11-25 10:52:00,2.1,17624.0,United Kingdom
521973,21650,ASSORTED TUTTI FRUTTI BRACELET,2,2010-09-09 19:46:00,0.65,17366.0,United Kingdom
571857,85048,15CM CHRISTMAS GLASS BALL 20 LIGHTS,2,2011-10-19 13:38:00,7.95,15468.0,United Kingdom
546685,21928,JUMBO BAG SCANDINAVIAN BLUE PAISLEY,10,2011-03-16 09:52:00,1.95,15687.0,United Kingdom
572053,85099F,JUMBO BAG STRAWBERRY,10,2011-10-20 12:28:00,2.08,14495.0,United Kingdom
525303,21333,CLASSIC WHITE FRAME,4,2010-10-05 09:58:00,2.95,15955.0,United Kingdom
499965,22076,6 RIBBONS EMPIRE  ,2,2010-03-03 13:57:00,1.65,16461.0,United Kingdom
500015,21500,PINK SPOTS  WRAP ,25,2010-03-04 10:31:00,0.42,17861.0,United Kingdom
548500,22595,GINGHAM HEART DECORATION,12,2011-03-31 13:49:00,0.85,17071.0,United Kingdom
489572,85028S,FRENCH CHATEAU SMALL FRUITBOWL,2,2009-12-01 13:29:00,4.95,17611.0,United Kingdom
503340,22191,EAU DE NIL DINER WALL CLOCK,1,2010-03-31 12:52:00,8.5,13059.0,United Kingdom
496582,21533,RETRO SPOT LARGE MILK JUG,1,2010-02-02 13:56:00,4.95,12748.0,United Kingdom
498163,22385,JUMBO BAG SPACEBOY DESIGN,100,2010-02-17 12:12:00,1.65,17511.0,United Kingdom
549189,22427,ENAMEL FLOWER JUG CREAM,3,2011-04-07 10:11:00,5.95,15235.0,United Kingdom
527614,22911,PAPER CHAIN KIT LONDON,6,2010-10-18 13:44:00,2.95,13152.0,United Kingdom
491640,21481,FAWN BLUE HOT WATER BOTTLE,2,2009-12-11 16:11:00,2.95,15898.0,United Kingdom
528326,20617,FIRST CLASS PASSPORT COVER ,1,2010-10-21 13:07:00,2.1,13195.0,United Kingdom
547860,22267,EASTER DECORATION EGG BUNNY ,5,2011-03-27 12:21:00,1.25,17625.0,United Kingdom
540839,22457,NATURAL SLATE HEART CHALKBOARD ,2,2011-01-11 15:42:00,2.95,16791.0,United Kingdom
516908,21524,DOORMAT SPOTTY HOME SWEET HOME,2,2010-07-25 11:00:00,7.49,16326.0,United Kingdom
568876,82582,AREA PATROLLED METAL SIGN,12,2011-09-29 12:24:00,2.1,13881.0,United Kingdom
545636,22249,DECORATION WHITE CHICK MAGIC GARDEN,16,2011-03-04 12:15:00,0.85,16449.0,United Kingdom
539488,22029,SPACEBOY BIRTHDAY CARD,24,2010-12-20 09:37:00,0.42,12377.0,Switzerland
557117,23173,REGENCY TEAPOT ROSES ,2,2011-06-16 17:04:00,9.95,14849.0,United Kingdom
540469,21210,SET OF 72 RETROSPOT PAPER  DOILIES,2,2011-01-07 14:04:00,1.45,12484.0,Spain
577549,72800E,4 IVORY DINNER CANDLES SILVER FLOCK,2,2011-11-20 15:00:00,2.55,17841.0,United Kingdom
526028,22757,LARGE RED BABUSHKA NOTEBOOK ,1,2010-10-08 11:45:00,1.25,16549.0,United Kingdom
504655,22357,KINGS CHOICE BISCUIT TIN,4,2010-04-15 14:58:00,4.25,13661.0,United Kingdom
534394,85099C,JUMBO  BAG BAROQUE BLACK WHITE,2,2010-11-22 13:09:00,1.95,13571.0,United Kingdom
574559,84380,SET OF 3 BUTTERFLY COOKIE CUTTERS,3,2011-11-04 15:50:00,1.45,14056.0,United Kingdom
509408,21385,IVORY HANGING DECORATION  HEART,24,2010-05-23 11:46:00,0.85,16290.0,United Kingdom
542268,21726,MULTI HEARTS  STICKERS,12,2011-01-27 08:30:00,0.85,15358.0,United Kingdom
557213,22435,SET OF 9 HEART SHAPED BALLOONS,1,2011-06-17 12:16:00,1.25,15021.0,United Kingdom
497606,22385,JUMBO BAG SPACEBOY DESIGN,10,2010-02-11 11:28:00,1.95,12682.0,France
550799,85099C,JUMBO  BAG BAROQUE BLACK WHITE,10,2011-04-20 14:46:00,2.08,17115.0,United Kingdom
523355,20974,12 PENCILS SMALL TUBE SKULL,4,2010-09-21 16:47:00,0.65,17961.0,United Kingdom
574290,84658,WHITE STITCHED CUSHION COVER,2,2011-11-03 15:18:00,6.95,17403.0,United Kingdom
493719,85123A,WHITE HANGING HEART T-LIGHT HOLDER,6,2010-01-06 10:17:00,2.95,14210.0,United Kingdom
522102,18098C,PORCELAIN BUTTERFLY OIL BURNER,2,2010-09-12 14:05:00,2.95,13148.0,United Kingdom
553224,22629,SPACEBOY LUNCH BOX ,2,2011-05-16 10:40:00,1.95,17228.0,United Kingdom
532982,84029E,RED WOOLLY HOTTIE WHITE HEART.,2,2010-11-15 13:49:00,3.75,18225.0,United Kingdom
545085,84313B,BLUE TV TRAY TABLE ,1,2011-02-28 11:19:00,4.25,15039.0,United Kingdom
517552,21930,JUMBO STORAGE BAG SKULLS,4,2010-07-29 18:49:00,1.95,13969.0,United Kingdom
567853,23233,WRAP POPPIES  DESIGN,25,2011-09-22 13:31:00,0.42,15484.0,United Kingdom
567474,22440,BALLOON WATER BOMB PACK OF 35,3,2011-09-20 12:53:00,0.42,13448.0,United Kingdom
531738,22551,PLASTERS IN TIN SPACEBOY,2,2010-11-09 12:39:00,1.65,16960.0,United Kingdom
558902,21210,SET OF 72 RETROSPOT PAPER  DOILIES,12,2011-07-04 16:08:00,1.45,13001.0,United Kingdom
503774,90214C,"LETTER ""C"" BLING KEY RING",1,2010-04-07 11:04:00,1.25,14606.0,United Kingdom
571883,21618,4 WILDFLOWER BOTANICAL CANDLES,1,2011-10-19 13:58:00,1.25,14704.0,United Kingdom
542303,21929,JUMBO BAG PINK VINTAGE PAISLEY,10,2011-01-27 11:05:00,1.95,12539.0,Spain
505855,22467,GUMBALL COAT RACK,6,2010-04-26 12:57:00,2.55,14186.0,United Kingdom
493947,21486,PINK HEART DOTS HOT WATER BOTTLE,1,2010-01-08 12:22:00,3.75,17243.0,United Kingdom
511322,85040A,S/4 PINK FLOWER CANDLES IN BOWL,2,2010-06-07 17:15:00,1.65,13975.0,United Kingdom
499965,85049D,BRIGHT BLUES RIBBONS ,2,2010-03-03 13:57:00,1.25,16461.0,United Kingdom
561473,82600,NO SINGING METAL SIGN,12,2011-07-27 13:17:00,2.1,15078.0,United Kingdom
539664,22834,HAND WARMER BABUSHKA DESIGN,12,2010-12-21 10:30:00,2.1,14135.0,United Kingdom
571304,22141,CHRISTMAS CRAFT TREE TOP ANGEL,6,2011-10-17 09:37:00,2.1,12526.0,Germany
561222,22744,MAKE YOUR OWN MONSOON CARD KIT,6,2011-07-26 09:27:00,2.95,13588.0,United Kingdom
533133,21383,PACK OF 12 STICKY BUNNIES,1,2010-11-16 12:50:00,0.65,15850.0,United Kingdom
517112,21199,PINK  HEART CONFETTI IN TUBE,4,2010-07-26 15:49:00,1.65,17918.0,United Kingdom
540482,20886,BOX OF 9 PEBBLE CANDLES,6,2011-01-07 15:48:00,1.95,14672.0,United Kingdom
529981,20977,36 PENCILS TUBE WOODLAND,2,2010-10-31 15:31:00,1.25,16686.0,United Kingdom
522997,21901,"KEY FOB , BACK DOOR ",2,2010-09-19 15:47:00,0.65,16770.0,United Kingdom
558262,22386,JUMBO BAG PINK POLKADOT,100,2011-06-28 08:45:00,1.79,14646.0,Netherlands
536874,22945,CHRISTMAS METAL TAGS ASSORTED ,6,2010-12-03 11:35:00,0.85,16891.0,United Kingdom
496308,21717,EASTER TIN BUCKET,4,2010-01-31 11:54:00,2.55,17625.0,United Kingdom
513119,22491,PACK OF 12 COLOURED PENCILS,12,2010-06-22 09:45:00,0.85,17888.0,United Kingdom
568065,22687,DOORMAT CHRISTMAS VILLAGE,2,2011-09-23 13:44:00,8.25,16240.0,United Kingdom
503929,22553,PLASTERS IN TIN SKULLS,12,2010-04-08 13:32:00,1.65,14105.0,United Kingdom
536797,20970,PINK FLORAL FELTCRAFT SHOULDER BAG,4,2010-12-02 15:49:00,3.75,16770.0,United Kingdom
575487,47591D,PINK FAIRY CAKE CHILDRENS APRON,8,2011-11-09 17:11:00,1.95,15450.0,United Kingdom
493183,20674,GREEN SPOTTY BOWL,16,2009-12-22 12:03:00,1.25,12440.0,Austria
572853,21108,FAIRY CAKE FLANNEL ASSORTED COLOUR,18,2011-10-26 12:28:00,0.79,17712.0,United Kingdom
546133,21731,RED TOADSTOOL LED NIGHT LIGHT,12,2011-03-09 15:20:00,1.65,14291.0,United Kingdom
543371,20764,ABSTRACT CIRCLES SKETCHBOOK ,1,2011-02-07 14:53:00,3.75,14048.0,United Kingdom
535324,22862,LOVE HEART NAPKIN BOX ,4,2010-11-25 15:26:00,4.25,14482.0,United Kingdom
556829,23174,REGENCY SUGAR BOWL GREEN,4,2011-06-15 10:51:00,4.15,12809.0,Portugal
572617,23080,RED METAL BOX TOP SECRET,2,2011-10-25 11:52:00,8.25,18272.0,United Kingdom
543281,84988,SET OF 72 PINK HEART PAPER DOILIES,1,2011-02-06 15:34:00,1.45,14606.0,United Kingdom
515954,15044C,PURPLE PAPER PARASOL,1,2010-07-15 19:21:00,2.95,15908.0,United Kingdom
533496,22605,WOODEN CROQUET GARDEN SET,1,2010-11-17 13:42:00,14.95,17768.0,United Kingdom
494119,47591D,PINK FAIRY CAKE CHILD'S APRON,8,2010-01-11 12:46:00,1.95,17739.0,United Kingdom
573153,22138,BAKING SET 9 PIECE RETROSPOT ,72,2011-10-28 07:39:00,4.25,12678.0,France
506281,22507,MEMO BOARD RETROSPOT  DESIGN,3,2010-04-28 16:17:00,4.95,14395.0,United Kingdom
553464,22197,SMALL POPCORN HOLDER,48,2011-05-17 11:07:00,0.85,16218.0,United Kingdom
516185,20728,LUNCH BAG CARS BLUE,3,2010-07-18 15:48:00,1.65,14546.0,United Kingdom
580136,23582,VINTAGE DOILY JUMBO BAG RED ,1,2011-12-01 19:42:00,2.08,17841.0,United Kingdom
506715,21080,SET/20 RED SPOTTY PAPER NAPKINS ,5,2010-05-02 15:48:00,0.85,13113.0,United Kingdom
509437,21286,RETRO SPOT CANDLE  LARGE,36,2010-05-23 15:21:00,2.1,12409.0,Switzerland
504904,21937,STRAWBERRY   PICNIC BAG,1,2010-04-18 15:53:00,2.95,18069.0,United Kingdom
530435,21181,PLEASE ONE PERSON METAL SIGN,12,2010-11-03 10:51:00,2.1,14942.0,United Kingdom
540520,21931,JUMBO STORAGE BAG SUKI,2,2011-01-09 12:31:00,1.95,17555.0,United Kingdom
558096,21991,BOHEMIAN COLLAGE STATIONERY SET,1,2011-06-26 13:24:00,1.25,15532.0,United Kingdom
569488,22456,NATURAL SLATE CHALKBOARD LARGE ,2,2011-10-04 13:10:00,4.95,16440.0,United Kingdom
572744,23156,SET OF 5 MINI GROCERY MAGNETS,4,2011-10-25 16:14:00,2.08,14085.0,United Kingdom
561247,23145,ZINC T-LIGHT HOLDER STAR LARGE,12,2011-07-26 11:38:00,0.95,16592.0,United Kingdom
572719,23241,TREASURE TIN GYMKHANA DESIGN,6,2011-10-25 15:03:00,2.08,13871.0,United Kingdom
503827,84997B,RED 3 PIECE MINI DOTS CUTLERY SET,24,2010-04-07 15:33:00,3.75,13640.0,United Kingdom
579867,84030E,ENGLISH ROSE HOT WATER BOTTLE,4,2011-11-30 16:41:00,4.25,16265.0,United Kingdom
506555,21239,PINK  SPOTTY CUP,8,2010-04-30 11:25:00,0.85,17677.0,United Kingdom
533461,71038,WHITE HANGING BEADS CANDLE HOLDER,8,2010-11-17 12:14:00,5.45,14515.0,United Kingdom
493395,21157,RED SPOTTY WASHBAG,12,2009-12-23 13:41:00,2.1,12539.0,Spain
540955,84356,POMPOM CURTAIN,5,2011-01-12 13:27:00,6.95,14715.0,United Kingdom
534630,21754,HOME BUILDING BLOCK WORD,2,2010-11-23 12:54:00,5.95,13569.0,United Kingdom
554132,21987,PACK OF 6 SKULL PAPER CUPS,12,2011-05-23 09:43:00,0.65,12360.0,Austria
538065,82494L,WOODEN FRAME ANTIQUE WHITE ,6,2010-12-09 13:57:00,2.95,13982.0,United Kingdom
552469,84991,60 TEATIME FAIRY CAKE CASES,3,2011-05-09 15:34:00,0.55,12867.0,United Kingdom
522650,21790,VINTAGE SNAP CARDS,12,2010-09-16 10:49:00,0.85,13424.0,United Kingdom
503242,47566B,TEA TIME PARTY BUNTING,5,2010-03-31 09:42:00,4.65,15792.0,United Kingdom
505331,21625,VINTAGE UNION JACK APRON,3,2010-04-21 12:36:00,6.95,17622.0,United Kingdom
520398,82583,HOT BATHS METAL SIGN,4,2010-08-25 16:11:00,2.1,13713.0,United Kingdom
564167,22386,JUMBO BAG PINK POLKADOT,10,2011-08-23 13:50:00,2.08,17735.0,United Kingdom
577314,22694,WICKER STAR ,6,2011-11-18 13:23:00,2.1,12444.0,Norway
544914,22045,SPACEBOY GIFT WRAP,25,2011-02-24 15:39:00,0.42,16722.0,United Kingdom
568066,22659,LUNCH BOX I LOVE LONDON,1,2011-09-23 13:48:00,1.95,14529.0,United Kingdom
535088,22296,HEART IVORY TRELLIS LARGE,12,2010-11-25 10:05:00,1.65,17167.0,United Kingdom
570598,21175,GIN + TONIC DIET METAL SIGN,12,2011-10-11 11:55:00,2.55,14175.0,United Kingdom
490459,21377,SMALL CAMPHOR WOOD FIELD  MUSHROOM,6,2009-12-06 11:58:00,1.65,15555.0,United Kingdom
546988,22963,JAM JAR WITH GREEN LID,12,2011-03-18 12:57:00,0.85,14194.0,United Kingdom
555076,22915,ASSORTED BOTTLE TOP  MAGNETS ,12,2011-05-31 12:11:00,0.42,13900.0,United Kingdom
504896,22551,PLASTERS IN TIN SPACEBOY,3,2010-04-18 14:25:00,1.65,17041.0,United Kingdom
519520,85169B,BLACK LOVE BIRD CANDLE,1,2010-08-18 10:03:00,1.25,15061.0,United Kingdom
517096,21524,DOORMAT SPOTTY HOME SWEET HOME,2,2010-07-26 15:06:00,7.49,17612.0,United Kingdom
578270,21791,VINTAGE HEADS AND TAILS CARD GAME ,5,2011-11-23 13:39:00,2.46,14096.0,United Kingdom
536794,22726,ALARM CLOCK BAKELIKE GREEN,12,2010-12-02 15:40:00,3.75,13767.0,United Kingdom
561189,22423,REGENCY CAKESTAND 3 TIER,1,2011-07-25 13:28:00,12.75,16557.0,United Kingdom
499230,22068,BLACK PIRATE TREASURE CHEST,4,2010-02-25 12:16:00,1.65,12748.0,United Kingdom
542745,47567B,TEA TIME KITCHEN APRON,3,2011-01-31 16:47:00,5.95,15881.0,United Kingdom
563434,23238,SET OF 4 KNICK KNACK TINS LONDON ,24,2011-08-16 12:21:00,4.15,14057.0,United Kingdom
563011,23052,RECYCLED ACAPULCO MAT TURQUOISE,2,2011-08-11 12:00:00,8.25,16283.0,United Kingdom
578035,20975,12 PENCILS SMALL TUBE RED RETROSPOT,24,2011-11-22 14:00:00,0.65,16422.0,United Kingdom
563709,23134,LARGE ZINC HEART WALL ORGANISER,1,2011-08-18 15:17:00,8.25,15472.0,United Kingdom
571909,84947,ANTIQUE SILVER TEA GLASS ENGRAVED,6,2011-10-19 15:08:00,1.25,15006.0,United Kingdom
502886,48111,DOOR MAT 3 SMILEY CATS,2,2010-03-29 11:16:00,7.49,16456.0,United Kingdom
499689,51014A,"FEATHER PEN,HOT PINK",36,2010-03-02 10:37:00,0.85,17905.0,United Kingdom
577516,22361,GLASS JAR DAISY FRESH COTTON WOOL,1,2011-11-20 13:08:00,2.95,16533.0,United Kingdom
556484,23338,EGG FRYING PAN RED ,1,2011-06-12 13:17:00,2.08,16938.0,United Kingdom
515591,21084,SET/6 COLLAGE PAPER CUPS,1,2010-07-13 13:20:00,0.65,13428.0,United Kingdom
549293,22895,SET OF 2 TEA TOWELS APPLE AND PEARS,1,2011-04-07 19:16:00,3.25,17883.0,United Kingdom
555350,22558,CLOTHES PEGS RETROSPOT PACK 24 ,12,2011-06-02 12:08:00,1.65,17652.0,United Kingdom
557283,84535B,FAIRY CAKES NOTEBOOK A6 SIZE,2,2011-06-19 12:26:00,0.65,16813.0,United Kingdom
569424,23537,WALL ART I LOVE LONDON ,2,2011-10-04 10:49:00,4.95,15529.0,United Kingdom
564189,22819,"BIRTHDAY CARD, RETRO SPOT",12,2011-08-23 15:34:00,0.42,14769.0,United Kingdom
578018,23317,BLUE REFECTORY CLOCK ,1,2011-11-22 13:08:00,9.95,15311.0,United Kingdom
489795,21107,CREAM SLICE FLANNEL PINK SPOT ,24,2009-12-02 12:13:00,2.55,14440.0,United Kingdom
517291,21174,POTTERING IN THE SHED METAL SIGN,24,2010-07-28 10:33:00,1.95,15754.0,United Kingdom
562566,21843,RED RETROSPOT CAKE STAND,4,2011-08-07 10:55:00,10.95,16954.0,United Kingdom
496323,85123A,WHITE HANGING HEART T-LIGHT HOLDER,12,2010-01-31 12:49:00,2.95,14820.0,United Kingdom
501910,21564,PINK  HEART SHAPE LOVE BUCKET ,6,2010-03-22 09:05:00,2.95,12639.0,Sweden
512259,72008,FROSTED BOX 9 WHITE T-LIGHT CANDLES,12,2010-06-14 13:03:00,0.42,17059.0,United Kingdom
575519,23506,MINI PLAYING CARDS SPACEBOY ,20,2011-11-10 10:53:00,0.42,12682.0,France
538509,22127,PARTY CONES CARNIVAL ASSORTED,6,2010-12-12 13:37:00,1.25,14413.0,United Kingdom
535421,20752,BLUE POLKADOT WASHING UP GLOVES,1,2010-11-26 11:50:00,2.1,13555.0,United Kingdom
519382,21843,RED RETROSPOT CAKE STAND,3,2010-08-16 13:38:00,10.95,16278.0,United Kingdom
524421,21111,"SWISS ROLL TOWEL, CHOCOLATE  SPOTS",6,2010-09-29 10:26:00,2.95,13804.0,United Kingdom
493432,20914,SET/5 RED SPOTTY LID GLASS BOWLS,1,2010-01-04 12:30:00,2.95,14680.0,United Kingdom
512946,20703,BLUE PADDED SOFT MOBILE,4,2010-06-20 15:32:00,4.25,17625.0,United Kingdom
502613,22557,PLASTERS IN TIN VINTAGE PAISLEY ,2,2010-03-25 14:22:00,1.65,14535.0,United Kingdom
515288,21671,RED SPOT CERAMIC DRAWER KNOB,6,2010-07-09 14:59:00,1.25,17865.0,United Kingdom
576300,23424,GINGHAM RECIPE BOOK BOX,1,2011-11-14 14:39:00,4.95,15058.0,United Kingdom
545543,22655,VINTAGE RED KITCHEN CABINET,1,2011-03-03 14:43:00,125.0,13476.0,United Kingdom
507622,20886,BOX OF 9 PEBBLE CANDLES,3,2010-05-10 14:28:00,1.95,17579.0,United Kingdom
491634,20783,HEART EAR MUFF HEADPHONES,1,2009-12-11 15:40:00,5.49,17841.0,United Kingdom
516079,20981,12 PENCILS TALL TUBE WOODLAND,12,2010-07-16 11:56:00,0.85,14739.0,United Kingdom
566734,22617,BAKING SET SPACEBOY DESIGN,1,2011-09-14 14:09:00,4.95,16910.0,United Kingdom
579516,47481,50CM METAL STRING WITH  7 CLIPS,5,2011-11-29 17:52:00,0.85,17841.0,United Kingdom
559706,21707,FOLDING UMBRELLA BLACKBLUE POLKADOT,4,2011-07-12 10:02:00,4.95,16609.0,United Kingdom
517748,21790,VINTAGE SNAP CARDS,24,2010-08-02 09:27:00,0.85,13983.0,United Kingdom
577701,22630,DOLLY GIRL LUNCH BOX,1,2011-11-21 12:11:00,1.95,13673.0,United Kingdom
502920,22485,SET OF 2 WOODEN MARKET CRATES,1,2010-03-29 13:55:00,12.75,18041.0,United Kingdom
571107,22169,FAMILY ALBUM WHITE PICTURE FRAME,2,2011-10-13 16:17:00,8.5,13858.0,United Kingdom
581402,21314,SMALL GLASS HEART TRINKET POT,4,2011-12-08 13:45:00,2.1,14653.0,United Kingdom
498045,22495,SET OF 2 ROUND TINS CAMEMBERT ,6,2010-02-16 10:41:00,2.95,16584.0,United Kingdom
557621,21682,LARGE MEDINA STAMPED METAL BOWL ,4,2011-06-21 14:00:00,4.95,12444.0,Norway
568701,84836,ZINC METAL HEART DECORATION,12,2011-09-28 15:07:00,1.25,13924.0,United Kingdom
545914,22505,MEMO BOARD COTTAGE DESIGN,24,2011-03-08 11:39:00,4.25,13340.0,United Kingdom
491758,84388,WISE MAN STAR SHAPE EGG PAN,1,2009-12-14 12:24:00,1.65,17908.0,United Kingdom
492039,22207,FRYING PAN UNION FLAG,4,2009-12-15 12:32:00,4.25,17095.0,United Kingdom
503237,22525,CHILDRENS GARDEN GLOVES PINK,10,2010-03-30 17:33:00,1.25,18025.0,United Kingdom
526495,22759,SET OF 3 NOTEBOOKS IN PARCEL,12,2010-10-12 09:47:00,1.65,13921.0,United Kingdom
543814,21975,PACK OF 60 DINOSAUR CAKE CASES,48,2011-02-13 15:17:00,0.55,15640.0,United Kingdom
516485,22618,COOKING SET RETROSPOT,2,2010-07-21 09:46:00,9.95,12720.0,Germany
569360,23404,HOME SWEET HOME BLACKBOARD,1,2011-10-03 14:59:00,4.95,14653.0,United Kingdom
524008,22630,DOLLY GIRL LUNCH BOX,12,2010-09-27 09:18:00,1.95,13267.0,United Kingdom
571670,84987,SET OF 36 TEATIME PAPER DOILIES,12,2011-10-18 13:12:00,1.45,12611.0,Italy
517977,22139,RETRO SPOT TEA SET CERAMIC 11 PC ,4,2010-08-03 14:23:00,4.95,16938.0,United Kingdom
503332,37449,CERAMIC CAKE STAND + HANGING CAKES,8,2010-03-31 12:19:00,8.5,13802.0,United Kingdom
561079,22427,ENAMEL FLOWER JUG CREAM,1,2011-07-24 16:12:00,5.95,13956.0,United Kingdom
493979,21212,PACK OF 72 RETRO SPOT CAKE CASES,12,2010-01-10 11:58:00,0.55,17323.0,United Kingdom
568686,23367,SET 12 COLOUR PENCILS SPACEBOY ,1,2011-09-28 14:26:00,0.65,16115.0,United Kingdom
550626,37489C,GREEN/BLUE FLOWER DESIGN BIG MUG,4,2011-04-19 14:23:00,0.39,13184.0,United Kingdom
580527,22204,MILK PAN BLUE POLKADOT,2,2011-12-04 15:19:00,1.25,13736.0,United Kingdom
511783,22634,CHILDS BREAKFAST SET SPACEBOY ,1,2010-06-10 13:17:00,9.95,16713.0,United Kingdom
538126,21876,POTTERING MUG,12,2010-12-09 15:50:00,1.25,17838.0,United Kingdom
559032,84596B,SMALL DOLLY MIX DESIGN ORANGE BOWL,72,2011-07-05 14:53:00,0.42,17511.0,United Kingdom
511042,22275,WEEKEND BAG VINTAGE ROSE PAISLEY,2,2010-06-06 11:22:00,8.5,18234.0,United Kingdom
568668,22112,CHOCOLATE HOT WATER BOTTLE,2,2011-09-28 13:00:00,4.95,15750.0,United Kingdom
523768,22538,MINI JIGSAW GO TO THE FAIR,24,2010-09-24 10:29:00,0.42,14134.0,United Kingdom
507401,22030,SWALLOWS GREETING CARD,12,2010-05-09 13:38:00,0.42,15555.0,United Kingdom
551960,22852,DOG BOWL VINTAGE CREAM,4,2011-05-05 12:38:00,4.25,18239.0,United Kingdom
573509,22689,DOORMAT MERRY CHRISTMAS RED ,2,2011-10-31 12:21:00,8.25,16169.0,United Kingdom
536833,22595,CHRISTMAS GINGHAM HEART,12,2010-12-02 17:48:00,0.85,18239.0,United Kingdom
554788,22962,JAM JAR WITH PINK LID,12,2011-05-26 12:00:00,0.85,12987.0,United Kingdom
526480,21355,TOAST ITS - I LOVE YOU ,3,2010-10-11 17:23:00,1.25,13546.0,United Kingdom
557621,22169,FAMILY ALBUM WHITE PICTURE FRAME,2,2011-06-21 14:00:00,8.5,12444.0,Norway
542006,22927,GREEN GIANT GARDEN THERMOMETER,4,2011-01-25 11:20:00,5.95,15218.0,United Kingdom
512739,20652,BLUE SPOTTY LUGGAGE TAG ,12,2010-06-17 14:14:00,1.25,13037.0,United Kingdom
540698,22349,DOG BOWL CHASING BALL DESIGN,30,2011-01-11 09:24:00,2.69,17450.0,United Kingdom
489437,20695,FLORAL BLUE MONSTER,3,2009-12-01 09:08:00,4.25,15362.0,United Kingdom
489833,85014D,PINK/BROWN DOTS RUFFLED UMBRELLA,1,2009-12-02 14:09:00,5.95,14980.0,United Kingdom
520505,21258,VICTORIAN SEWING BOX LARGE,1,2010-08-26 12:51:00,12.75,17663.0,United Kingdom
499232,21240,BLUE  SPOTTY CUP,8,2010-02-25 12:21:00,0.85,13334.0,United Kingdom
572922,22094,RED RETROSPOT TISSUE BOX,6,2011-10-26 17:00:00,0.39,17895.0,United Kingdom
562354,82578,KITCHEN METAL SIGN,12,2011-08-04 13:15:00,0.55,17470.0,United Kingdom
489561,72816,SET/3 CHRISTMAS DECOUPAGE CANDLES,6,2009-12-01 12:57:00,1.25,14654.0,United Kingdom
571564,23394,POSTE FRANCE CUSHION COVER,4,2011-10-18 10:16:00,3.75,16019.0,United Kingdom
490021,22348,TEA BAG PLATE RED SPOTTY ,12,2009-12-03 12:36:00,0.85,17581.0,United Kingdom
510544,21313,GLASS HEART T-LIGHT HOLDER ,12,2010-06-01 15:05:00,0.85,13869.0,United Kingdom
517650,22624,IVORY KITCHEN SCALES,2,2010-07-30 14:00:00,8.5,13015.0,United Kingdom
576648,22616,PACK OF 12 LONDON TISSUES ,48,2011-11-16 10:32:00,0.39,14057.0,United Kingdom
503867,21704,BAG 250g SWIRLY MARBLES,12,2010-04-08 11:16:00,0.85,13712.0,United Kingdom
567890,23367,SET 12 COLOUR PENCILS SPACEBOY ,16,2011-09-22 15:40:00,0.65,14125.0,United Kingdom
562519,21380,WOODEN HAPPY BIRTHDAY GARLAND,1,2011-08-05 12:37:00,2.95,16764.0,United Kingdom
520361,22158,3 HEARTS HANGING DECORATION RUSTIC,1,2010-08-25 13:44:00,2.95,13548.0,United Kingdom
519614,21936,RED RETROSPOT PICNIC BAG,5,2010-08-19 08:47:00,2.95,14911.0,EIRE
570238,23510,MINI PLAYING CARDS GYMKHANA,1,2011-10-09 15:01:00,0.42,16332.0,United Kingdom
569140,22595,GINGHAM HEART DECORATION,12,2011-09-30 14:59:00,0.85,14503.0,United Kingdom
575504,23175,REGENCY MILK JUG PINK ,4,2011-11-10 10:29:00,3.25,14895.0,United Kingdom
503811,15056N,EDWARDIAN PARASOL NATURAL,3,2010-04-07 14:17:00,5.95,15112.0,United Kingdom
494022,21929,JUMBO BAG PINK VINTAGE PAISLEY,200,2010-01-11 09:55:00,1.65,15769.0,United Kingdom
510352,21190,PINK HEARTS PAPER GARLAND,1,2010-05-28 14:43:00,1.65,17965.0,United Kingdom
538064,21901,"KEY FOB , BACK DOOR ",6,2010-12-09 13:47:00,0.65,15271.0,United Kingdom
567858,21524,DOORMAT SPOTTY HOME SWEET HOME,1,2011-09-22 13:50:00,8.25,16813.0,United Kingdom
552655,21121,SET/10 RED POLKADOT PARTY CANDLES,2,2011-05-10 14:22:00,1.25,14587.0,United Kingdom
579491,23188,VINTAGE  2 METRE FOLDING RULER,2,2011-11-29 15:23:00,1.65,14723.0,United Kingdom
507600,85222,ASSORTED COLOUR SILK COSMETIC PURSE,12,2010-05-10 13:28:00,2.1,12917.0,United Kingdom
555249,47503A,ASS FLORAL PRINT MULTI SCREWDRIVER,3,2011-06-01 14:57:00,1.25,17472.0,United Kingdom
520040,21539,RED RETROSPOT BUTTER DISH,3,2010-08-23 13:53:00,4.95,16172.0,United Kingdom
562780,23307,SET OF 60 PANTRY DESIGN CAKE CASES ,24,2011-08-09 13:03:00,0.55,14901.0,United Kingdom
561859,84927A,WAKE UP COCKEREL TILE HOOK,6,2011-07-29 17:19:00,0.39,17750.0,United Kingdom
524420,85045,GREEN CHRISTMAS TREE STRING 20LIGHT,4,2010-09-29 10:22:00,4.95,16293.0,United Kingdom
546382,85123A,WHITE HANGING HEART T-LIGHT HOLDER,10,2011-03-11 12:44:00,2.95,18149.0,United Kingdom
515887,84991,60 TEATIME FAIRY CAKE CASES,24,2010-07-15 12:06:00,0.55,14817.0,United Kingdom
523120,22077,6 RIBBONS RUSTIC CHARM,12,2010-09-20 13:08:00,1.65,15803.0,United Kingdom
518387,22306,SILVER MUG BONE CHINA TREE OF LIFE,6,2010-08-08 12:16:00,1.95,13857.0,United Kingdom
564853,22326,ROUND SNACK BOXES SET OF4 WOODLAND ,6,2011-08-31 08:55:00,2.95,12423.0,Belgium
519611,22412,METAL SIGN NEIGHBOURHOOD WITCH ,10,2010-08-18 17:30:00,2.1,16984.0,United Kingdom
575741,22367,CHILDRENS APRON SPACEBOY DESIGN,8,2011-11-11 09:46:00,1.95,13727.0,United Kingdom
539454,21622,VINTAGE UNION JACK CUSHION COVER,5,2010-12-17 17:12:00,4.95,17377.0,United Kingdom
560841,16235,RECYCLED PENCIL WITH RABBIT ERASER,120,2011-07-21 12:25:00,0.16,14298.0,United Kingdom
496434,84029E,RED WOOLLY HOTTIE WHITE HEART.,7,2010-02-01 12:36:00,3.75,17884.0,United Kingdom
569007,21912,VINTAGE SNAKES & LADDERS,4,2011-09-29 18:51:00,3.75,17552.0,United Kingdom
537418,21452,TOADSTOOL MONEY BOX,3,2010-12-06 15:13:00,2.95,17884.0,United Kingdom
563360,22904,CALENDAR PAPER CUT DESIGN,4,2011-08-15 15:06:00,2.95,15023.0,United Kingdom
516314,22382,LUNCH BAG SPACEBOY DESIGN ,10,2010-07-19 14:31:00,1.65,12826.0,United Kingdom
560104,21172,PARTY METAL SIGN ,1,2011-07-14 18:56:00,1.45,17921.0,United Kingdom
554986,22662,LUNCH BAG DOLLY GIRL DESIGN,5,2011-05-29 12:35:00,1.65,14451.0,United Kingdom
518067,82613D,METAL SIGN CUPCAKE SINGLE HOOK,8,2010-08-04 12:54:00,1.25,15817.0,United Kingdom
546135,84978,HANGING HEART JAR T-LIGHT HOLDER,12,2011-03-09 15:47:00,1.25,12388.0,Australia
524877,84971S,SMALL HEART FLOWERS HOOK ,2,2010-10-01 10:33:00,0.85,13069.0,United Kingdom
516963,21086,SET/6 RED SPOTTY PAPER CUPS,12,2010-07-26 09:07:00,0.65,13001.0,United Kingdom
498154,84380,SET OF 3 BUTTERFLY COOKIE CUTTERS,12,2010-02-17 11:27:00,1.25,14732.0,United Kingdom
516778,85217,ASSORTED ICE CREAM FRIDGE MAGNETS,12,2010-07-22 19:56:00,0.65,17602.0,United Kingdom
496915,20671,BLUE TEATIME PRINT BOWL ,8,2010-02-04 15:21:00,1.25,15856.0,United Kingdom
563076,23203,JUMBO BAG VINTAGE DOILY ,200,2011-08-11 16:12:00,1.79,14646.0,Netherlands
537567,20751,FUNKY WASHING UP GLOVES ASSORTED,1,2010-12-07 11:59:00,2.1,18119.0,United Kingdom
525760,22104,MIRROR MOSAIC CANDLE PLATE,480,2010-10-07 10:36:00,0.42,13694.0,United Kingdom
549568,84991,60 TEATIME FAIRY CAKE CASES,24,2011-04-10 15:09:00,0.55,15665.0,United Kingdom
515758,20718,RED SPOTTY SHOPPER BAG,40,2010-07-14 13:34:00,1.25,13461.0,United Kingdom
530753,22082,RIBBON REEL STRIPES DESIGN ,10,2010-11-04 11:56:00,1.65,12949.0,United Kingdom
529337,22567,20 DOLLY PEGS RETROSPOT,1,2010-10-27 16:04:00,1.25,16014.0,United Kingdom
559807,23148,MINIATURE ANTIQUE ROSE HOOK IVORY,1,2011-07-12 14:48:00,0.83,17841.0,United Kingdom
539501,22372,AIRLINE BAG VINTAGE WORLD CHAMPION ,1,2010-12-20 11:08:00,4.25,17085.0,United Kingdom
537077,21354,TOAST ITS - BEST MUM,3,2010-12-05 11:59:00,1.25,17062.0,United Kingdom
502815,21232,STRAWBERRY CERAMIC TRINKET BOX,20,2010-03-28 10:35:00,1.25,16768.0,United Kingdom
565541,22197,POPCORN HOLDER,24,2011-09-05 12:00:00,0.85,14159.0,United Kingdom
554814,22191,IVORY DINER WALL CLOCK,2,2011-05-26 13:34:00,8.5,16609.0,United Kingdom
573829,23490,T-LIGHT HOLDER HANGING LOVE BIRD,6,2011-11-01 11:35:00,3.75,16830.0,United Kingdom
547940,82494L,WOODEN FRAME ANTIQUE WHITE ,24,2011-03-28 14:43:00,2.55,16814.0,United Kingdom
580432,22063,CERAMIC BOWL WITH STRAWBERRY DESIGN,18,2011-12-04 12:14:00,0.79,13153.0,United Kingdom
540350,22963,JAM JAR WITH GREEN LID,1,2011-01-06 14:14:00,0.85,18283.0,United Kingdom
512441,21086,SET/6 RED SPOTTY PAPER CUPS,4,2010-06-15 16:40:00,0.65,17757.0,United Kingdom
540351,10125,MINI FUNKY DESIGN TAPES,20,2011-01-06 14:26:00,0.42,12735.0,France
573373,84519B,CARROT CHARLIE+LOLA COASTER SET,1,2011-10-30 13:37:00,1.25,14684.0,United Kingdom
558372,23202,JUMBO BAG VINTAGE LEAF,6,2011-06-28 15:47:00,2.08,16200.0,United Kingdom
520665,22386,JUMBO BAG PINK WITH WHITE SPOTS,10,2010-08-27 13:05:00,1.95,13206.0,United Kingdom
571409,22398,MAGNETS PACK OF 4 SWALLOWS,12,2011-10-17 12:25:00,0.39,14911.0,EIRE
501140,21114,LAVENDER SCENTED FABRIC HEART,4,2010-03-14 12:18:00,1.25,16911.0,United Kingdom
508780,22090,PAPER BUNTING RETRO SPOTS,1,2010-05-18 12:24:00,2.95,15518.0,United Kingdom
543367,22804,CANDLEHOLDER PINK HANGING HEART,6,2011-02-07 14:33:00,2.95,18225.0,United Kingdom
556917,20979,36 PENCILS TUBE RED RETROSPOT,128,2011-06-15 13:37:00,1.06,12415.0,Australia
506711,85014B,RED/WHITE DOTS RUFFLED UMBRELLA,1,2010-05-02 15:31:00,5.95,17051.0,United Kingdom
545719,22868,NUMBER TILE COTTAGE GARDEN 0 ,8,2011-03-07 10:28:00,1.95,13344.0,United Kingdom
496333,85111,SILVER GLITTER FLOWER VOTIVE HOLDER,2,2010-01-31 14:25:00,1.25,15338.0,United Kingdom
576911,23428,IVORY RETRO KITCHEN WALL CLOCK,1,2011-11-17 10:01:00,8.15,17461.0,United Kingdom
538635,21917,SET 12 KIDS  WHITE CHALK STICKS,1,2010-12-13 13:32:00,0.42,17303.0,United Kingdom
503348,84750A,PINK SMALL GLASS CAKE STAND,1,2010-03-31 13:29:00,1.95,15800.0,United Kingdom
542646,21124,SET/10 BLUE POLKADOT PARTY CANDLES,6,2011-01-31 11:42:00,1.25,17220.0,United Kingdom
575481,21876,POTTERING MUG,3,2011-11-09 16:28:00,1.65,15679.0,United Kingdom
490135,21535,RETRO SPOT SMALL MILK JUG,6,2009-12-03 18:51:00,2.55,16003.0,United Kingdom
518015,21231,SWEETHEART CERAMIC TRINKET BOX,12,2010-08-04 10:52:00,1.25,15095.0,United Kingdom
511949,84840,SWEETHEART CARRY-ALL BASKET,2,2010-06-11 12:45:00,8.5,14320.0,United Kingdom
524345,85099B,JUMBO BAG RED RETROSPOT,10,2010-09-28 16:12:00,1.95,13927.0,United Kingdom
528758,22834,HAND WARMER BABUSHKA DESIGN,1,2010-10-24 15:29:00,2.1,18116.0,United Kingdom
495676,85184C,S/4 VALENTINE DECOUPAGE HEART BOX,6,2010-01-26 11:24:00,2.95,17700.0,United Kingdom
555578,21530,DAIRY MAID TOASTRACK,18,2011-06-05 15:54:00,0.79,15301.0,United Kingdom
574536,20914,SET/5 RED RETROSPOT LID GLASS BOWLS,2,2011-11-04 14:35:00,2.95,15707.0,United Kingdom
494670,21544,SKULLS  WATER TRANSFER TATTOOS ,12,2010-01-17 15:22:00,0.85,13178.0,United Kingdom
580891,22086,PAPER CHAIN KIT 50'S CHRISTMAS ,6,2011-12-06 12:28:00,2.95,17481.0,United Kingdom
531239,22110,BIRD HOUSE HOT WATER BOTTLE,6,2010-11-07 10:34:00,2.55,13008.0,United Kingdom
557057,23300,GARDENERS KNEELING PAD CUP OF TEA ,48,2011-06-16 14:46:00,1.45,16843.0,United Kingdom
544685,21500,PINK POLKADOT WRAP ,25,2011-02-22 17:13:00,0.42,13285.0,United Kingdom
532638,21868,POTTING SHED TEA MUG,6,2010-11-12 16:24:00,1.25,18025.0,United Kingdom
522908,22065,CHRISTMAS PUDDING TRINKET POT ,2,2010-09-17 13:20:00,1.45,17233.0,United Kingdom
526889,22620,4 TRADITIONAL SPINNING TOPS,20,2010-10-13 14:39:00,1.25,14667.0,United Kingdom
500073,84631,FRUIT TREE AND BIRDS WALL PLAQUE,2,2010-03-04 11:44:00,7.95,13047.0,United Kingdom
546684,22192,BLUE DINER WALL CLOCK,2,2011-03-16 09:47:00,8.5,16152.0,United Kingdom
569486,22749,FELTCRAFT PRINCESS CHARLOTTE DOLL,2,2011-10-04 12:51:00,3.75,15339.0,United Kingdom
515916,21955,DOORMAT UNION JACK GUNS AND ROSES,1,2010-07-15 13:32:00,7.49,15542.0,United Kingdom
536984,22910,PAPER CHAIN KIT VINTAGE CHRISTMAS,2,2010-12-03 14:35:00,2.95,17841.0,United Kingdom
507289,22359,GLASS JAR KINGS CHOICE,1,2010-05-07 14:02:00,2.95,14535.0,United Kingdom
550621,21070,VINTAGE BILLBOARD MUG ,1,2011-04-19 13:41:00,1.25,13263.0,United Kingdom
526276,21672,WHITE SPOT RED CERAMIC DRAWER KNOB,12,2010-10-11 11:50:00,1.25,14756.0,United Kingdom
532821,22951,60 CAKE CASES DOLLY GIRL DESIGN,2,2010-11-14 16:32:00,0.55,14382.0,United Kingdom
559987,21215,IVORY PAPER CUP CAKE CASES ,24,2011-07-14 12:12:00,0.55,12619.0,Germany
575698,22423,REGENCY CAKESTAND 3 TIER,1,2011-11-10 16:51:00,12.75,16094.0,United Kingdom
558570,20974,12 PENCILS SMALL TUBE SKULL,4,2011-06-30 14:38:00,0.65,17673.0,United Kingdom
508848,22556,PLASTERS IN TIN CIRCUS PARADE ,10,2010-05-18 14:31:00,1.65,16699.0,United Kingdom
578349,22636,CHILDS BREAKFAST SET CIRCUS PARADE,2,2011-11-24 09:50:00,8.5,14539.0,United Kingdom
498618,20686,DOLLY MIXTURE CHILDREN'S UMBRELLA,6,2010-02-22 10:24:00,3.25,15382.0,United Kingdom
569011,23355,HOT WATER BOTTLE KEEP CALM,4,2011-09-30 08:14:00,4.95,14655.0,United Kingdom
495405,21875,KINGS CHOICE MUG,6,2010-01-25 09:53:00,1.25,16125.0,United Kingdom
536354,22659,LUNCH BOX I LOVE LONDON,1,2010-11-30 17:43:00,1.95,17820.0,United Kingdom
554698,84978,HANGING HEART JAR T-LIGHT HOLDER,36,2011-05-26 08:38:00,1.06,16678.0,United Kingdom
536532,22866,HAND WARMER SCOTTY DOG DESIGN,12,2010-12-01 13:24:00,2.1,12433.0,Norway
567523,85048,15CM CHRISTMAS GLASS BALL 20 LIGHTS,2,2011-09-21 08:27:00,7.95,17034.0,United Kingdom
541206,22090,PAPER BUNTING RETROSPOT,40,2011-01-14 12:24:00,2.55,14646.0,Netherlands
492803,20783,HEART EAR MUFF HEADPHONES,1,2009-12-20 12:06:00,5.49,17851.0,United Kingdom
534631,22747,POPPY'S PLAYHOUSE BATHROOM,1,2010-11-23 12:57:00,2.1,18047.0,United Kingdom
508072,84821,DANISH ROSE DELUXE COASTER,12,2010-05-12 15:49:00,0.85,16814.0,United Kingdom
521222,22072,RED RETROSPOT TEA CUP AND SAUCER ,1,2010-09-03 10:39:00,3.75,17287.0,United Kingdom
506391,22327,ROUND SNACK BOXES SET OF 4 SKULLS,6,2010-04-29 12:58:00,2.95,18111.0,United Kingdom
521204,21929,JUMBO BAG PINK VINTAGE PAISLEY,10,2010-09-02 18:13:00,1.95,14667.0,United Kingdom
572306,21672,WHITE SPOT RED CERAMIC DRAWER KNOB,2,2011-10-23 15:11:00,1.45,17841.0,United Kingdom
525042,22350,ILLUSTRATED CAT BOWL ,6,2010-10-03 13:09:00,2.55,14008.0,United Kingdom
572743,85150,LADIES & GENTLEMEN METAL SIGN,1,2011-10-25 16:13:00,2.55,14482.0,United Kingdom
524726,22636,CHILDS BREAKFAST SET CIRCUS PARADE,2,2010-09-30 14:19:00,8.5,15736.0,United Kingdom
513555,22083,PAPER CHAIN KIT RETRO SPOT,3,2010-06-25 13:17:00,2.95,13291.0,United Kingdom
561922,22604,SET OF 4 NAPKIN CHARMS CUTLERY,6,2011-08-01 12:12:00,2.55,13167.0,United Kingdom
546774,22988,SOLDIERS EGG CUP ,6,2011-03-16 15:45:00,1.25,14505.0,United Kingdom
527051,21349,IVY HEART WREATH,2,2010-10-14 13:00:00,6.75,13395.0,United Kingdom
520179,21745,GAOLERS KEYS DECORATIVE GARDEN ,3,2010-08-24 13:46:00,3.75,16550.0,United Kingdom
541411,85099B,JUMBO BAG RED RETROSPOT,5,2011-01-17 16:07:00,1.95,17961.0,United Kingdom
551149,20751,FUNKY WASHING UP GLOVES ASSORTED,1,2011-04-26 14:19:00,2.1,13184.0,United Kingdom
525709,22447,PIN CUSHION BABUSHKA BLUE,1,2010-10-06 13:44:00,3.35,13554.0,United Kingdom
557875,84212,"ASSORTED FLOWER COLOUR ""LEIS""",24,2011-06-23 13:09:00,0.65,13300.0,United Kingdom
545399,82600,NO SINGING METAL SIGN,12,2011-03-02 11:48:00,2.1,14934.0,Channel Islands
498123,21872,GLAMOROUS  MUG,2,2010-02-16 15:35:00,1.25,16409.0,United Kingdom
534160,21063,PARTY INVITES JAZZ HEARTS,3,2010-11-21 12:55:00,0.85,12858.0,United Kingdom
551332,22193,RED DINER WALL CLOCK,2,2011-04-27 16:23:00,8.5,13078.0,United Kingdom
500322,72802B,OCEAN SCENT CANDLE IN JEWELLED BOX,1,2010-03-07 12:06:00,4.25,16798.0,United Kingdom
570494,21871,SAVE THE PLANET MUG,24,2011-10-11 08:30:00,1.65,14051.0,United Kingdom
537604,22429,ENAMEL MEASURING JUG CREAM,4,2010-12-07 13:01:00,4.25,13488.0,United Kingdom
524139,22909,SET OF 20 VINTAGE CHRISTMAS NAPKINS,12,2010-09-27 14:45:00,0.85,14911.0,EIRE
550997,22377,BOTTLE BAG RETROSPOT ,5,2011-04-26 09:04:00,2.1,17735.0,United Kingdom
504421,22365,DOOR MAT RESPECTABLE HOUSE,4,2010-04-13 13:11:00,7.49,15639.0,United Kingdom
495898,20728,LUNCH BAG CARS BLUE,1,2010-01-27 12:31:00,1.65,16713.0,United Kingdom
542864,84596E,SMALL LICORICE DES PINK BOWL,8,2011-02-01 12:03:00,1.25,13802.0,United Kingdom
574470,51014A,"FEATHER PEN,HOT PINK",6,2011-11-04 11:56:00,0.2,12748.0,United Kingdom
575216,22466,FAIRY TALE COTTAGE NIGHT LIGHT,12,2011-11-09 11:04:00,1.95,13384.0,United Kingdom
499657,22091,EMPIRE TISSUE BOX,1,2010-03-01 14:54:00,1.25,14896.0,United Kingdom
504498,21166,COOK WITH WINE METAL SIGN ,48,2010-04-14 11:16:00,1.69,17511.0,United Kingdom
491640,85049D,BRIGHT BLUES RIBBONS ,1,2009-12-11 16:11:00,1.25,15898.0,United Kingdom
547069,22551,PLASTERS IN TIN SPACEBOY,1,2011-03-20 13:52:00,1.65,16710.0,United Kingdom
566427,22554,PLASTERS IN TIN WOODLAND ANIMALS,5,2011-09-12 14:24:00,1.65,17433.0,United Kingdom
532819,85049E,SCANDINAVIAN REDS RIBBONS,3,2010-11-14 16:19:00,1.25,13230.0,United Kingdom
535425,22752,SET 7 BABUSHKA NESTING BOXES,1,2010-11-26 12:00:00,8.5,17796.0,United Kingdom
536601,22632,HAND WARMER RED POLKA DOT,6,2010-12-02 08:33:00,1.85,17850.0,United Kingdom
531935,22736,RIBBON REEL MAKING SNOWMEN ,30,2010-11-10 12:13:00,1.65,15527.0,United Kingdom
495237,21975,PACK OF 60 DINOSAUR CAKE CASES,24,2010-01-22 09:44:00,0.55,17160.0,United Kingdom
572194,84519B,CARROT CHARLIE+LOLA COASTER SET,3,2011-10-21 11:43:00,1.25,17832.0,United Kingdom
553747,84706D,CHERRY BLOSSOM TABLE CLOCK ,2,2011-05-19 09:47:00,1.95,13627.0,United Kingdom
546003,22398,MAGNETS PACK OF 4 SWALLOWS,1,2011-03-08 15:07:00,1.25,16712.0,United Kingdom
565734,82552,WASHROOM METAL SIGN,1,2011-09-06 12:15:00,1.45,17191.0,United Kingdom
537199,22443,GROW YOUR OWN HERBS SET OF 3,1,2010-12-05 14:06:00,7.95,15894.0,United Kingdom
547350,22492,MINI PAINT SET VINTAGE ,72,2011-03-22 12:05:00,0.65,17272.0,United Kingdom
581404,82583,HOT BATHS METAL SIGN,6,2011-12-08 13:47:00,2.1,13680.0,United Kingdom
581165,21378,SMALL TALL CAMPHOR WOOD TOADSTOOL,12,2011-12-07 14:39:00,0.39,15701.0,United Kingdom
501713,21165,BEWARE OF THE CAT METAL SIGN ,12,2010-03-19 10:21:00,1.69,18225.0,United Kingdom
569768,85152,HAND OVER THE CHOCOLATE   SIGN ,48,2011-10-06 11:27:00,1.85,13078.0,United Kingdom
489822,72754D,F FAIRY POTPOURRI CUSHIONS SUMMER,1,2009-12-02 13:26:00,1.69,14204.0,United Kingdom
530263,20914,SET/5 RED RETROSPOT LID GLASS BOWLS,3,2010-11-02 11:33:00,2.95,16005.0,United Kingdom
536532,21967,PACK OF 12 SKULL TISSUES,48,2010-12-01 13:24:00,0.29,12433.0,Norway
489800,84559A,3D SHEET OF DOG STICKERS,4,2009-12-02 12:26:00,0.85,17768.0,United Kingdom
559933,23232,WRAP VINTAGE LEAF DESIGN,25,2011-07-14 09:54:00,0.42,16719.0,United Kingdom
570598,84997D,CHILDRENS CUTLERY POLKADOT PINK,4,2011-10-11 11:55:00,4.15,14175.0,United Kingdom
524957,22940,FELTCRAFT CHRISTMAS FAIRY,4,2010-10-01 13:27:00,4.25,13198.0,United Kingdom
566921,84051,ASS COLOUR GLOWING TIARAS,2,2011-09-15 14:56:00,0.85,17898.0,United Kingdom
562579,23211,RED ROCKING HORSE HAND PAINTED,24,2011-08-07 13:30:00,1.25,16950.0,United Kingdom
502913,20711,JUMBO BAG TOYS ,2,2010-03-29 13:10:00,1.95,13975.0,United Kingdom
544918,21094,SET/6 RED SPOTTY PAPER PLATES,24,2011-02-24 16:30:00,0.85,13081.0,United Kingdom
574273,22338,STAR DECORATION PAINTED ZINC ,10,2011-11-03 14:33:00,0.19,16322.0,United Kingdom
511069,21282,NATURAL BARK CANDLE LARGE,2,2010-06-06 13:22:00,4.25,17915.0,United Kingdom
524835,21427,SKULLS STORAGE BOX SMALL,6,2010-09-30 17:30:00,2.1,15287.0,United Kingdom
538844,84997D,PINK 3 PIECE POLKADOT CUTLERY SET,20,2010-12-14 13:19:00,3.75,14680.0,United Kingdom
521822,20726,LUNCH BAG WOODLAND,20,2010-09-09 10:37:00,1.65,12714.0,France
502848,47566,PARTY BUNTING,3,2010-03-28 14:04:00,4.65,15570.0,United Kingdom
498013,47421,ASSORTED COLOUR LIZARD SUCTION HOOK,1,2010-02-15 14:49:00,0.42,15311.0,United Kingdom
502870,22417,PACK OF 60 SPACEBOY CAKE CASES,24,2010-03-28 16:17:00,0.55,13373.0,United Kingdom
568701,23167,SMALL CERAMIC TOP STORAGE JAR ,12,2011-09-28 15:07:00,0.83,13924.0,United Kingdom
569211,23333,IVORY WICKER HEART MEDIUM,20,2011-10-02 12:04:00,1.25,15774.0,United Kingdom
571053,23254,CHILDRENS CUTLERY DOLLY GIRL ,4,2011-10-13 13:53:00,4.15,12631.0,Finland
529841,22083,PAPER CHAIN KIT RETROSPOT,12,2010-10-31 12:41:00,2.95,14918.0,United Kingdom
535670,22983,CARD BILLBOARD FONT,12,2010-11-28 12:03:00,0.42,15834.0,United Kingdom
516344,85123A,WHITE HANGING HEART T-LIGHT HOLDER,32,2010-07-20 09:52:00,2.55,13874.0,United Kingdom
531440,22507,MEMO BOARD RETROSPOT  DESIGN,1,2010-11-08 12:28:00,4.95,16470.0,United Kingdom
507359,84880,WHITE WIRE EGG HOLDER,3,2010-05-07 15:33:00,5.95,17028.0,United Kingdom
508654,21725,SWEETIES  STICKERS,12,2010-05-17 15:54:00,0.85,15296.0,United Kingdom
524164,22113,GREY HEART HOT WATER BOTTLE,12,2010-09-27 16:20:00,3.75,15051.0,United Kingdom
562840,22093,MOTORING TISSUE BOX,1,2011-08-09 16:27:00,0.39,14527.0,United Kingdom
511991,84997C,BLUE 3 PIECE MINI DOTS CUTLERY SET,216,2010-06-11 15:07:00,3.39,12557.0,Spain
572225,22964,3 PIECE SPACEBOY COOKIE CUTTER SET,6,2011-10-21 13:50:00,2.1,13157.0,United Kingdom
512177,22532,MAGIC DRAWING SLATE LEAP FROG ,48,2010-06-14 12:01:00,0.42,15150.0,United Kingdom
527124,22470,HEART OF WICKER LARGE,40,2010-10-14 19:46:00,2.55,14088.0,United Kingdom
575073,23263,SET OF 3 WOODEN HEART DECORATIONS,12,2011-11-08 13:10:00,1.25,13975.0,United Kingdom
524559,22676,"FRENCH BLUE METAL DOOR SIGN, 1",3,2010-09-29 14:37:00,1.25,17515.0,United Kingdom
521952,22530,MAGIC DRAWING SLATE DOLLY GIRL ,24,2010-09-09 17:37:00,0.42,12683.0,France
493666,21430,SET/3 RED GINGHAM ROSE STORAGE BOX,2,2010-01-05 12:06:00,3.75,16017.0,United Kingdom
535259,17107D,"FLOWER FAIRY,5 SUMMER B'DRAW LINERS",3,2010-11-25 13:18:00,2.55,17068.0,United Kingdom
577773,22845,VINTAGE CREAM CAT FOOD CONTAINER,3,2011-11-21 15:57:00,6.35,16712.0,United Kingdom
527453,85068,CREAM SWEETHEART SHELF + HOOKS,6,2010-10-18 10:13:00,6.95,15934.0,United Kingdom
569897,22555,PLASTERS IN TIN STRONGMAN,2,2011-10-06 16:01:00,1.65,17813.0,United Kingdom
581034,20726,LUNCH BAG WOODLAND,10,2011-12-07 10:48:00,1.65,17049.0,United Kingdom
560590,22962,JAM JAR WITH PINK LID,12,2011-07-19 15:55:00,0.85,12560.0,Germany
531478,22196,SMALL HEART MEASURING SPOONS,12,2010-11-08 14:20:00,0.85,17084.0,United Kingdom
505637,21928,JUMBO BAG SCANDINAVIAN PAISLEY,10,2010-04-23 13:26:00,1.95,15179.0,United Kingdom
568995,21175,GIN + TONIC DIET METAL SIGN,12,2011-09-29 16:53:00,2.55,16779.0,United Kingdom
552039,15058C,ICE CREAM DESIGN GARDEN PARASOL,10,2011-05-06 08:10:00,3.95,13081.0,United Kingdom
535993,22607,WOODEN ROUNDERS GARDEN SET ,2,2010-11-29 13:42:00,9.95,12870.0,United Kingdom
570333,23102,SILVER HEARTS TABLE DECORATION,2,2011-10-10 12:19:00,0.83,18126.0,United Kingdom
564356,22662,LUNCH BAG DOLLY GIRL DESIGN,7,2011-08-24 15:47:00,1.65,13969.0,United Kingdom
528737,85014A,BLACK/BLUE POLKADOT UMBRELLA,3,2010-10-24 14:06:00,5.95,18065.0,United Kingdom
580692,21812,GARLAND WITH HEARTS AND BELLS,1,2011-12-05 15:51:00,4.95,13173.0,United Kingdom
545905,21985,PACK OF 12 HEARTS DESIGN TISSUES ,24,2011-03-08 08:53:00,0.29,15234.0,United Kingdom
495300,79323W, WHITE CHERRY LIGHTS,24,2010-01-22 13:39:00,5.45,12510.0,Spain
542347,21544,SKULLS  WATER TRANSFER TATTOOS ,12,2011-01-27 12:06:00,0.85,12826.0,United Kingdom
514391,47570B,TEA TIME TABLE CLOTH,2,2010-07-02 11:59:00,10.65,12921.0,United Kingdom
513647,21731,RED TOADSTOOL LED NIGHT LIGHT,288,2010-06-28 08:28:00,1.45,14646.0,Netherlands
502272,21163,DO NOT TOUCH MY STUFF DOOR HANGER ,3,2010-03-23 15:47:00,1.45,14344.0,United Kingdom
522338,21054,NURSE'S BAG SOFT TOY,1,2010-09-14 10:41:00,8.95,13537.0,United Kingdom
556780,22989,SET 2 PANTRY DESIGN TEA TOWELS,4,2011-06-14 12:46:00,3.25,14524.0,United Kingdom
498238,21165,BEWARE OF THE CAT METAL SIGN ,2,2010-02-17 14:35:00,1.69,15768.0,United Kingdom
497253,21531,RETRO SPOT SUGAR JAM BOWL,1,2010-02-08 12:24:00,2.55,14527.0,United Kingdom
577139,22792,FLUTED ANTIQUE CANDLE HOLDER,12,2011-11-18 09:04:00,0.85,16500.0,United Kingdom
542100,46000R,POLYESTER FILLER PAD 45x30cm,2,2011-01-25 13:15:00,1.45,15339.0,United Kingdom
579459,21108,FAIRY CAKE FLANNEL ASSORTED COLOUR,27,2011-11-29 14:38:00,2.1,17173.0,United Kingdom
516138,21535,RED RETROSPOT SMALL MILK JUG,6,2010-07-16 16:10:00,2.55,16670.0,United Kingdom
500336,16236,KITTY PENCIL ERASERS,3,2010-03-07 13:48:00,0.21,17589.0,United Kingdom
568703,72818,CHRISTMAS DECOUPAGE CANDLE,11,2011-09-28 15:21:00,0.39,12748.0,United Kingdom
544603,22776,SWEETHEART CAKESTAND 3 TIER,24,2011-02-22 09:10:00,8.5,17526.0,United Kingdom
576693,23086,ZINC  STAR T-LIGHT HOLDER ,144,2011-11-16 12:22:00,1.04,13199.0,United Kingdom
538744,82551,LAUNDRY 15C METAL SIGN,2,2010-12-14 11:26:00,1.45,15356.0,United Kingdom
565672,23321,SMALL WHITE HEART OF WICKER,12,2011-09-06 09:34:00,1.65,17700.0,United Kingdom
561007,79321,CHILLI LIGHTS,24,2011-07-22 15:21:00,4.95,15640.0,United Kingdom
569248,22623,BOX OF VINTAGE JIGSAW BLOCKS ,3,2011-10-03 10:09:00,5.95,12886.0,United Kingdom
494987,21626,VINTAGE UNION JACK PENNANT,12,2010-01-20 11:31:00,1.95,18223.0,United Kingdom
536859,21462,"NURSERY A,B,C PAINTED LETTERS",2,2010-12-03 10:43:00,6.75,12841.0,United Kingdom
531785,22955,36 FOIL STAR CAKE CASES ,48,2010-11-09 14:49:00,1.85,17560.0,United Kingdom
501386,22465,HANGING METAL STAR LANTERN,6,2010-03-16 11:14:00,1.65,16779.0,United Kingdom
573160,22077,6 RIBBONS RUSTIC CHARM,12,2011-10-28 08:58:00,1.95,14359.0,United Kingdom
557790,22313,OFFICE MUG WARMER PINK,4,2011-06-22 16:33:00,2.95,14099.0,United Kingdom
529813,82486,WOOD S/3 CABINET ANT WHITE FINISH,1,2010-10-31 11:09:00,7.95,13888.0,United Kingdom
555524,21755,LOVE BUILDING BLOCK WORD,8,2011-06-05 11:37:00,5.95,16923.0,United Kingdom
493976,84849B,FAIRY SOAP SOAP HOLDER,12,2010-01-10 11:40:00,1.69,14849.0,United Kingdom
508482,84692,BOX OF 24 COCKTAIL PARASOLS,1,2010-05-16 12:44:00,0.42,13564.0,United Kingdom
574739,23171,REGENCY TEA PLATE GREEN ,12,2011-11-06 16:04:00,1.65,16357.0,United Kingdom
509047,22634,CHILDS BREAKFAST SET SPACEBOY ,8,2010-05-20 10:42:00,8.5,13952.0,United Kingdom
533487,85123A,WHITE HANGING HEART T-LIGHT HOLDER,4,2010-11-17 13:11:00,2.95,13593.0,United Kingdom
569136,79302M,"ART LIGHTS,FUNK MONKEY",1,2011-09-30 14:41:00,2.95,15834.0,United Kingdom
516270,22505,MEMO BOARD COTTAGE DESIGN,24,2010-07-19 12:22:00,4.25,14646.0,Netherlands
518331,22573,STAR WOODEN CHRISTMAS DECORATION,48,2010-08-06 12:33:00,0.85,15980.0,United Kingdom
516610,22236,CAKE STAND 3 TIER MAGIC GARDEN,1,2010-07-21 14:41:00,12.75,13615.0,United Kingdom
547485,22747,POPPY'S PLAYHOUSE BATHROOM,1,2011-03-23 11:16:00,2.1,17019.0,United Kingdom
542401,22382,LUNCH BAG SPACEBOY DESIGN ,1,2011-01-27 15:51:00,1.65,14541.0,United Kingdom
577312,82483,WOOD 2 DRAWER CABINET WHITE FINISH,2,2011-11-18 13:18:00,6.95,17049.0,United Kingdom
567917,21163,DO NOT TOUCH MY STUFF DOOR HANGER ,24,2011-09-22 17:19:00,0.39,14298.0,United Kingdom
494009,22200,FRYING PAN PINK POLKADOT ,4,2010-01-11 08:51:00,4.25,12471.0,Germany
500150,22131,FOOD CONTAINER SET 3 LOVE HEART ,6,2010-03-04 17:42:00,1.95,14769.0,United Kingdom
559369,22328,ROUND SNACK BOXES SET OF 4 FRUITS ,6,2011-07-08 10:00:00,2.95,14388.0,United Kingdom
560209,85176,SEWING SUSAN 21 NEEDLE SET,2,2011-07-15 14:05:00,0.85,15004.0,United Kingdom
581325,16169E,WRAP 50'S  CHRISTMAS,100,2011-12-08 11:53:00,0.42,15877.0,United Kingdom
544044,48194,DOORMAT HEARTS,1,2011-02-15 12:05:00,7.95,14659.0,United Kingdom
525284,22453,MEASURING TAPE BABUSHKA BLUE,84,2010-10-05 08:29:00,2.55,15061.0,United Kingdom
525875,22908,PACK OF 20 NAPKINS RED APPLES,1,2010-10-07 14:11:00,0.85,17908.0,United Kingdom
579124,84748,FOLK FELT HANGING MULTICOL GARLAND,1,2011-11-28 12:14:00,3.75,15721.0,United Kingdom
580956,23320,GIANT 50'S CHRISTMAS CRACKER,3,2011-12-06 14:23:00,1.25,17841.0,United Kingdom
522451,22155,STAR DECORATION RUSTIC,48,2010-09-14 15:08:00,0.42,15194.0,United Kingdom
529582,22667,RECIPE BOX RETROSPOT ,3,2010-10-28 19:20:00,2.95,14481.0,United Kingdom
541256,22132,RED LOVE HEART SHAPE CUP,24,2011-01-16 14:36:00,0.85,13048.0,United Kingdom
566278,22191,IVORY DINER WALL CLOCK,2,2011-09-11 14:05:00,8.5,13614.0,United Kingdom
514852,22501,PICNIC BASKET WICKER LARGE,2,2010-07-06 16:36:00,9.95,16229.0,United Kingdom
568329,21790,VINTAGE SNAP CARDS,12,2011-09-26 14:12:00,0.85,15243.0,United Kingdom
571669,23501,KEY RING BASEBALL BOOT UNION JACK,13,2011-10-18 13:11:00,1.25,17758.0,United Kingdom
527718,21588,RETROSPOT GIANT TUBE MATCHES,12,2010-10-18 15:25:00,2.55,14735.0,United Kingdom
520672,21017,RED BIRD HOUSE TREE DECORATION,2,2010-08-27 14:09:00,0.85,17270.0,United Kingdom
576573,22577,WOODEN HEART CHRISTMAS SCANDINAVIAN,24,2011-11-15 13:52:00,0.29,16600.0,United Kingdom
574702,22138,BAKING SET 9 PIECE RETROSPOT ,9,2011-11-06 13:54:00,4.95,15839.0,United Kingdom
524320,21186,WHITE DOVE HONEYCOMB PAPER GARLAND,3,2010-09-28 14:26:00,1.65,18049.0,United Kingdom
535250,22147,FELTCRAFT BUTTERFLY HEARTS,4,2010-11-25 12:56:00,1.45,15987.0,United Kingdom
491688,21472,LADYBIRD + BEE RAFFIA FOOD COVER,1,2009-12-13 13:03:00,3.75,14606.0,United Kingdom
578251,21615,4 LAVENDER BOTANICAL DINNER CANDLES,2,2011-11-23 12:45:00,1.25,15993.0,United Kingdom
520704,22629,SPACEBOY LUNCH BOX ,36,2010-08-29 12:05:00,1.95,13102.0,United Kingdom
555515,22656,VINTAGE BLUE KITCHEN CABINET,1,2011-06-05 10:47:00,125.0,17690.0,United Kingdom
554950,21928,JUMBO BAG SCANDINAVIAN BLUE PAISLEY,10,2011-05-27 14:48:00,2.08,14227.0,United Kingdom
563016,22961,JAM MAKING SET PRINTED,12,2011-08-11 12:44:00,1.45,15358.0,United Kingdom
520871,22469,HEART OF WICKER SMALL,12,2010-08-31 14:50:00,1.65,13715.0,United Kingdom
492078,72814,SET/3 CHRISTMAS BRIAR CANDLES,1,2009-12-15 13:48:00,3.75,14966.0,United Kingdom
515115,22284,HEN HOUSE DECORATION,12,2010-07-08 13:07:00,1.65,16383.0,United Kingdom
544153,22661,CHARLOTTE BAG DOLLY GIRL DESIGN,3,2011-02-16 12:11:00,0.85,15356.0,United Kingdom
533112,22845,VINTAGE CREAM CAT FOOD CONTAINER,1,2010-11-16 12:14:00,6.35,15311.0,United Kingdom
547796,21244,BLUE POLKADOT PLATE ,16,2011-03-25 12:34:00,1.69,14646.0,Netherlands
525109,84510A,SET OF 4 ENGLISH ROSE COASTERS,10,2010-10-04 10:58:00,1.25,13004.0,United Kingdom
578506,23196,VINTAGE LEAF MAGNETIC NOTEPAD,4,2011-11-24 13:01:00,1.45,17458.0,United Kingdom
506717,22423,REGENCY CAKESTAND 3 TIER,5,2010-05-04 08:51:00,12.75,12540.0,Spain
511035,22366,DOOR MAT AIRMAIL ,2,2010-06-06 10:57:00,7.49,16242.0,United Kingdom
539215,22585,PACK OF 6 BIRDY GIFT TAGS,4,2010-12-16 12:42:00,1.25,15574.0,United Kingdom
542647,22722,SET OF 6 SPICE TINS PANTRY DESIGN,4,2011-01-31 11:46:00,3.95,18245.0,United Kingdom
568676,23253,16 PIECE CUTLERY SET PANTRY DESIGN,2,2011-09-28 13:43:00,15.95,18242.0,United Kingdom
541289,85129B,BEADED CRYSTAL HEART GREEN SMALL,1,2011-01-17 13:23:00,1.25,14606.0,United Kingdom
575219,22985,WRAP BILLBOARD FONTS DESIGN,25,2011-11-09 11:17:00,0.42,17511.0,United Kingdom
556056,22919,HERB MARKER MINT,1,2011-06-08 13:35:00,0.65,17841.0,United Kingdom
577411,23382,BOX OF 6 CHRISTMAS CAKE DECORATIONS,4,2011-11-20 11:00:00,3.75,17387.0,United Kingdom
509311,71459,HANGING JAM JAR T-LIGHT HOLDER,12,2010-05-21 12:06:00,0.85,13089.0,United Kingdom
531733,22812,PACK 3 BOXES CHRISTMAS PANNETONE,12,2010-11-09 12:27:00,1.95,17428.0,United Kingdom
577127,22910,PAPER CHAIN KIT VINTAGE CHRISTMAS,24,2011-11-17 19:27:00,2.95,16871.0,United Kingdom
554603,90124A,PINK MURANO TWIST NECKLACE,2,2011-05-25 11:14:00,9.95,14593.0,United Kingdom
525981,22153,ANGEL DECORATION STARS ON DRESS,48,2010-10-08 11:02:00,0.42,13001.0,United Kingdom
570488,22193,RED DINER WALL CLOCK,1,2011-10-10 17:12:00,16.63,14096.0,United Kingdom
496313,20974,12 PENCILS SMALL TUBE SKULL,3,2010-01-31 12:15:00,0.65,15013.0,United Kingdom
514395,22386,JUMBO BAG PINK WITH WHITE SPOTS,20,2010-07-02 12:03:00,1.95,15498.0,United Kingdom
534788,85123A,WHITE HANGING HEART T-LIGHT HOLDER,4,2010-11-24 11:25:00,2.95,16782.0,United Kingdom
580506,22941,CHRISTMAS LIGHTS 10 REINDEER,10,2011-12-04 13:34:00,8.5,13319.0,United Kingdom
573173,23108,SET OF 10 LED DOLLY LIGHTS,2,2011-10-28 10:10:00,6.25,12362.0,Belgium
546236,22570,FELTCRAFT CUSHION RABBIT,4,2011-03-10 12:48:00,3.75,12370.0,Cyprus
576592,22349,DOG BOWL CHASING BALL DESIGN,2,2011-11-15 14:47:00,3.75,13614.0,United Kingdom
510137,47566B,TEA TIME PARTY BUNTING,2,2010-05-27 12:21:00,4.65,17068.0,United Kingdom
563939,21136,PAINTED METAL PEARS ASSORTED,8,2011-08-22 09:28:00,1.69,14959.0,United Kingdom
565421,23245,SET OF 3 REGENCY CAKE TINS,1,2011-09-04 12:10:00,4.95,16744.0,United Kingdom
524486,22637,PIGGY BANK RETROSPOT ,6,2010-09-29 11:59:00,2.55,17029.0,United Kingdom
537385,22866,HAND WARMER SCOTTY DOG DESIGN,2,2010-12-06 13:22:00,2.1,14487.0,United Kingdom
506384,21531,RED RETROSPOT SUGAR JAM BOWL,5,2010-04-29 12:37:00,2.55,14680.0,United Kingdom
500093,22029,SPACEBOY BIRTHDAY CARD,12,2010-03-04 12:13:00,0.42,15910.0,United Kingdom
555343,22367,CHILDRENS APRON SPACEBOY DESIGN,1,2011-06-02 11:42:00,1.95,15918.0,United Kingdom
542112,22926,IVORY GIANT GARDEN THERMOMETER,2,2011-01-25 13:55:00,5.95,13168.0,United Kingdom
491924,84077,WORLD WAR 2 GLIDERS ASSTD DESIGNS,48,2009-12-14 15:31:00,0.21,17364.0,United Kingdom
491979,71053,WHITE METAL LANTERN,24,2009-12-15 08:01:00,3.39,13162.0,United Kingdom
571259,21787,RAIN PONCHO RETROSPOT,360,2011-10-16 10:19:00,0.85,12901.0,United Kingdom
498547,22327,ROUND SNACK BOXES SET OF 4 SKULLS,1,2010-02-19 17:16:00,2.95,18283.0,United Kingdom
491675,72800E,4 IVORY DINNER CANDLES SILVER FLOCK,4,2009-12-13 12:04:00,2.55,16710.0,United Kingdom
580523,22153,ANGEL DECORATION STARS ON DRESS,12,2011-12-04 15:00:00,0.42,17827.0,United Kingdom
509156,20703,BLUE PADDED SOFT MOBILE,1,2010-05-20 13:28:00,4.25,15025.0,United Kingdom
572909,22960,JAM MAKING SET WITH JARS,5,2011-10-26 15:48:00,4.25,15821.0,United Kingdom
500728,21179,NO JUNK MAIL METAL SIGN,12,2010-03-09 15:56:00,1.25,16756.0,United Kingdom
507433,21212,PACK OF 72 RETRO SPOT CAKE CASES,24,2010-05-09 16:10:00,0.55,16092.0,United Kingdom
525733,84997C,BLUE 3 PIECE POLKADOT CUTLERY SET,1,2010-10-06 16:17:00,3.75,17006.0,United Kingdom
515832,21333,CLASSIC WHITE FRAME,2,2010-07-15 11:12:00,2.95,12748.0,United Kingdom
542716,22470,HEART OF WICKER LARGE,2,2011-01-31 14:02:00,2.95,16407.0,United Kingdom
522708,21497,FANCY FONTS BIRTHDAY WRAP,2,2010-09-16 11:32:00,0.42,18001.0,United Kingdom
501474,21609,SET 12 LAVENDER  BOTANICAL T-LIGHTS,12,2010-03-16 16:45:00,2.95,17568.0,United Kingdom
494666,37495,FAIRY CAKE BIRTHDAY CANDLE SET,2,2010-01-17 14:53:00,3.75,13869.0,United Kingdom
513168,84792,ENCHANTED BIRD COATHANGER 5 HOOK,1,2010-06-22 11:59:00,4.65,16458.0,United Kingdom
558540,22729,ALARM CLOCK BAKELIKE ORANGE,12,2011-06-30 12:15:00,3.75,17706.0,United Kingdom
569247,23101,SILVER STARS TABLE DECORATION,48,2011-10-03 10:08:00,0.83,17924.0,United Kingdom
490542,79341,WILLOW BRANCH LIGHTS.,12,2009-12-07 09:42:00,6.75,14911.0,EIRE
562462,85099F,JUMBO BAG STRAWBERRY,100,2011-08-05 11:21:00,1.74,16029.0,United Kingdom
522076,20982,12 PENCILS TALL TUBE SKULLS,4,2010-09-12 10:59:00,0.85,16815.0,United Kingdom
518673,22327,ROUND SNACK BOXES SET OF 4 SKULLS,96,2010-08-10 16:10:00,2.55,14646.0,Netherlands
553208,22326,ROUND SNACK BOXES SET OF4 WOODLAND ,6,2011-05-16 09:10:00,2.95,12674.0,France
546105,22083,PAPER CHAIN KIT RETROSPOT,4,2011-03-09 12:21:00,2.95,14662.0,United Kingdom
498104,21429,RED GINGHAM ROSE JEWELLERY BOX,4,2010-02-16 13:49:00,1.65,13503.0,United Kingdom
574481,21452,TOADSTOOL MONEY BOX,1,2011-11-04 12:45:00,2.95,18022.0,United Kingdom
576076,21640,ASSORTED TUTTI FRUTTI  FOB NOTEBOOK,3,2011-11-13 16:18:00,0.85,14382.0,United Kingdom
527950,22575,METAL MERRY CHRISTMAS WREATH,5,2010-10-19 15:33:00,1.95,16795.0,United Kingdom
540278,21212,PACK OF 72 RETROSPOT CAKE CASES,4,2011-01-06 12:31:00,0.55,15719.0,United Kingdom
568316,22121,NOEL WOODEN BLOCK LETTERS ,2,2011-09-26 13:21:00,5.95,16407.0,United Kingdom
507395,21687,SILVER PLATE CANDLE BOWL LARGE,1,2010-05-09 12:57:00,3.75,13598.0,United Kingdom
562711,22382,LUNCH BAG SPACEBOY DESIGN ,1,2011-08-08 14:53:00,1.65,16788.0,United Kingdom
513434,85036A,GARDENIA 1 WICK MORRIS BOXED CANDLE,1,2010-06-24 13:56:00,4.25,14562.0,United Kingdom
537423,22600,CHRISTMAS RETROSPOT STAR WOOD,24,2010-12-06 15:34:00,0.85,14215.0,United Kingdom
498890,21040,MODERN VINTAGE COTTON SHOPPING BAG,12,2010-02-23 13:21:00,2.55,12682.0,France
560920,20677,PINK POLKADOT BOWL,8,2011-07-21 18:36:00,1.25,15370.0,United Kingdom
499457,21288,STRIPEY CHOCOLATE NESTING BOXES,1,2010-02-28 10:55:00,2.95,15569.0,United Kingdom
508522,22147,FELTCRAFT BUTTERFLY HEARTS,12,2010-05-17 10:14:00,1.45,15673.0,United Kingdom
520707,22469,HEART OF WICKER SMALL,40,2010-08-29 12:43:00,1.45,17584.0,United Kingdom
503924,20665,RED SPOTTY PURSE ,6,2010-04-08 13:16:00,2.95,15298.0,United Kingdom
490099,21164,HOME SWEET HOME METAL SIGN ,6,2009-12-03 16:12:00,2.95,16736.0,United Kingdom
556257,22625,RED KITCHEN SCALES,2,2011-06-09 17:47:00,8.5,17576.0,United Kingdom
579293,23439,HAND WARMER RED LOVE HEART,1,2011-11-29 11:22:00,2.1,14419.0,United Kingdom
536787,21068,VINTAGE BILLBOARD LOVE/HATE MUG,6,2010-12-02 15:24:00,1.06,17850.0,United Kingdom
528137,22867,HAND WARMER BIRD DESIGN,48,2010-10-20 15:21:00,2.1,17044.0,United Kingdom
504427,21068,VINTAGE BILLBOARD LOVE/HATE MUG,6,2010-04-13 13:21:00,1.25,14030.0,United Kingdom
491457,22294,HEART FILIGREE DOVE  SMALL,6,2009-12-11 11:26:00,1.25,15998.0,United Kingdom
492798,85231G,ORANGE SCENTED SET/9 T-LIGHTS,1,2009-12-20 11:25:00,0.85,16011.0,United Kingdom
553199,85175,CACTI T-LIGHT CANDLES,16,2011-05-15 15:13:00,0.42,17758.0,United Kingdom
572682,72802C,VANILLA SCENT CANDLE JEWELLED BOX,1,2011-10-25 13:52:00,4.25,17928.0,United Kingdom
554098,21096,SET/6 FRUIT SALAD  PAPER PLATES,3,2011-05-22 13:01:00,0.39,14769.0,United Kingdom
573874,22423,REGENCY CAKESTAND 3 TIER,1,2011-11-01 12:45:00,12.75,13868.0,United Kingdom
535288,84754,S/15 SILVER GLASS BAUBLES IN BAG,48,2010-11-25 14:27:00,1.25,17640.0,United Kingdom
